Angle_deg,xs_mb_sr,Direct_mb_sr,Compound_mb_sr,xs_Rutherford,Nuc_interfer,beam_energy_MeV
0.0,3.2482999999999994e+29,3.2482999999999994e+29,31.22704,1.0,0.0,5.4
2.0,202313000.0,202313000.0,31.22704,0.99907,-188334.3,5.4
4.0,12662230.0,12662200.0,31.22704,0.999841,-2013.614,5.4
6.0,2523571.0,2523540.0,31.22704,1.00776,19432.17,5.4
8.0,805385.2,805354.0,31.22704,1.01501,11910.06,5.4
10.0,330596.2,330565.0,31.22704,1.01528,4975.491,5.4
12.0,158444.2,158413.0,31.22704,1.00663,1043.554,5.4
14.0,84366.12,84334.9,31.22704,0.990214,-833.7642,5.4
16.0,48540.93,48509.7,31.22704,0.968708,-1568.01,5.4
18.0,29685.43,29654.2,31.22704,0.945277,-1718.519,5.4
20.0,19100.23,19069.0,31.22704,0.922896,-1595.741,5.4
22.0,12843.83,12812.6,31.22704,0.904015,-1363.711,5.4
24.0,8983.467,8952.24,31.22704,0.890411,-1105.656,5.4
26.0,6510.857,6479.63,31.22704,0.883172,-861.2709,5.4
28.0,4872.847,4841.62,31.22704,0.882743,-647.2726,5.4
30.0,3753.257,3722.03,31.22704,0.889012,-468.5724,5.4
32.0,2965.027,2933.8,31.22704,0.901418,-324.2652,5.4
34.0,2394.187,2362.96,31.22704,0.919055,-210.8661,5.4
36.0,1969.487,1938.26,31.22704,0.940772,-123.9926,5.4
38.0,1645.357,1614.13,31.22704,0.96527,-59.19934,5.4
40.0,1392.057,1360.83,31.22704,0.99118,-12.38721,5.4
42.0,1189.787,1158.56,31.22704,1.01713,20.03784,5.4
44.0,1025.141,993.914,31.22704,1.04182,41.15054,5.4
46.0,888.8541,857.627,31.22704,1.06403,53.48849,5.4
48.0,774.423,743.196,31.22704,1.08268,59.13964,5.4
50.0,677.197,645.97,31.22704,1.09685,59.79536,5.4
52.0,593.787,562.56,31.22704,1.10581,56.81683,5.4
54.0,521.6771,490.45,31.22704,1.10898,51.26542,5.4
56.0,458.962,427.735,31.22704,1.106,43.98729,5.4
58.0,404.1721,372.945,31.22704,1.09666,35.62387,5.4
60.0,356.1511,324.924,31.22704,1.08095,26.67139,5.4
62.0,313.975,282.748,31.22704,1.05901,17.49528,5.4
64.0,276.885,245.658,31.22704,1.03113,8.35919,5.4
66.0,244.257,213.03,31.22704,0.997743,-0.5525376,5.4
68.0,215.563,184.336,31.22704,0.959397,-9.122913,5.4
70.0,190.352,159.125,31.22704,0.91674,-17.28813,5.4
72.0,168.237,137.01,31.22704,0.870501,-25.02758,5.4
74.0,148.879,117.652,31.22704,0.821472,-32.35543,5.4
76.0,131.98,100.753,31.22704,0.770492,-39.31315,5.4
78.0,117.2772,86.0502,31.22704,0.718425,-45.96491,5.4
80.0,104.5357,73.3087,31.22704,0.666144,-52.39089,5.4
82.0,93.54553,62.3185,31.22704,0.614513,-58.68157,5.4
84.0,84.11803,52.891,31.22704,0.564375,-64.92832,5.4
86.0,76.08334,44.8563,31.22704,0.516534,-71.21256,5.4
88.0,69.28813,38.0611,31.22704,0.471747,-77.58749,5.4
90.0,63.59383,32.3668,31.22704,0.430707,-84.05604,5.4
92.0,58.87494,27.6479,31.22704,0.394041,-90.53828,5.4
94.0,55.01814,23.7911,31.22704,0.362299,-96.84023,5.4
96.0,51.92064,20.6936,31.22704,0.335948,-102.629,5.4
98.0,49.48964,18.2626,31.22704,0.315372,-107.435,5.4
100.0,47.64133,16.4143,31.22704,0.30087,-110.7039,5.4
102.0,46.30014,15.0731,31.22704,0.292655,-111.9071,5.4
104.0,45.39824,14.1712,31.22704,0.290855,-110.6872,5.4
106.0,44.87453,13.6475,31.22704,0.295522,-106.9738,5.4
108.0,44.67454,13.4475,31.22704,0.306629,-101.0212,5.4
110.0,44.74953,13.5225,31.22704,0.324084,-93.33051,5.4
112.0,45.05634,13.8293,31.22704,0.347729,-84.5168,5.4
114.0,45.55684,14.3298,31.22704,0.377353,-75.17053,5.4
116.0,46.21714,14.9901,31.22704,0.412695,-65.77148,5.4
118.0,47.00784,15.7808,31.22704,0.453453,-56.65855,5.4
120.0,47.90294,16.6759,31.22704,0.499293,-48.03859,5.4
122.0,48.88023,17.6532,31.22704,0.549848,-40.01748,5.4
124.0,49.92023,18.6932,31.22704,0.604735,-32.6287,5.4
126.0,51.00613,19.7791,31.22704,0.66355,-25.86242,5.4
128.0,52.12383,20.8968,31.22704,0.725876,-19.68435,5.4
130.0,53.26093,22.0339,31.22704,0.791291,-14.04798,5.4
132.0,54.40694,23.1799,31.22704,0.859361,-8.903982,5.4
134.0,55.55313,24.3261,31.22704,0.92965,-4.203905,5.4
136.0,56.69183,25.4648,31.22704,1.00172,0.09733826,5.4
138.0,57.81644,26.5894,31.22704,1.07512,4.039707,5.4
140.0,58.92144,27.6944,31.22704,1.14942,7.659551,5.4
142.0,60.00183,28.7748,31.22704,1.22415,10.98673,5.4
144.0,61.05334,29.8263,31.22704,1.29888,14.04874,5.4
146.0,62.07204,30.845,31.22704,1.37313,16.86726,5.4
148.0,63.05424,31.8272,31.22704,1.44646,19.46213,5.4
150.0,63.99673,32.7697,31.22704,1.51841,21.84953,5.4
152.0,64.89624,33.6692,31.22704,1.58851,24.04271,5.4
154.0,65.74974,34.5227,31.22704,1.65631,26.05322,5.4
156.0,66.55434,35.3273,31.22704,1.72135,27.8903,5.4
158.0,67.30714,36.0801,31.22704,1.78319,29.56178,5.4
160.0,68.00554,36.7785,31.22704,1.84137,31.07351,5.4
162.0,68.64664,37.4196,31.22704,1.89549,32.43087,5.4
164.0,69.22813,38.0011,31.22704,1.94513,33.63764,5.4
166.0,69.74744,38.5204,31.22704,1.98992,34.69706,5.4
168.0,70.20244,38.9754,31.22704,2.02951,35.61161,5.4
170.0,70.59114,39.3641,31.22704,2.06357,36.38288,5.4
172.0,70.91164,39.6846,31.22704,2.09184,37.01247,5.4
174.0,71.16254,39.9355,31.22704,2.11407,37.50114,5.4
176.0,71.34264,40.1156,31.22704,2.13009,37.84986,5.4
178.0,71.45103,40.224,31.22704,2.13975,38.0588,5.4
180.0,71.48724,40.2602,31.22704,2.14298,38.12844,5.4
0.0,3.1315699999999997e+29,3.1315699999999997e+29,31.64489,1.0,0.0,5.5
2.0,195025000.0,195025000.0,31.64489,0.998982,-198730.7,5.5
4.0,12210330.0,12210300.0,31.64489,1.0001,1221.236,5.5
6.0,2434682.0,2434650.0,31.64489,1.0085,20520.31,5.5
8.0,777029.6,776998.0,31.64489,1.01577,12063.46,5.5
10.0,318780.7,318749.0,31.64489,1.01548,4859.514,5.5
12.0,152626.6,152595.0,31.64489,1.00581,881.6425,5.5
14.0,81163.75,81132.1,31.64489,0.988117,-976.0714,5.5
16.0,46632.75,46601.1,31.64489,0.965284,-1677.128,5.5
18.0,28479.84,28448.2,31.64489,0.940636,-1797.376,5.5
20.0,18303.24,18271.6,31.64489,0.917266,-1650.884,5.5
22.0,12297.44,12265.8,31.64489,0.897697,-1401.438,5.5
24.0,8597.564,8565.92,31.64489,0.883745,-1130.994,5.5
26.0,6231.235,6199.59,31.64489,0.8765,-877.9893,5.5
28.0,4665.665,4634.02,31.64489,0.876387,-658.0847,5.5
30.0,3596.675,3565.03,31.64489,0.883254,-475.3981,5.5
32.0,2844.545,2812.9,31.64489,0.896487,-328.4458,5.5
34.0,2299.945,2268.3,31.64489,0.915121,-213.3236,5.5
36.0,1894.625,1862.98,31.64489,0.937941,-125.358,5.5
38.0,1585.055,1553.41,31.64489,0.963584,-59.90272,5.5
40.0,1342.825,1311.18,31.64489,0.990619,-12.71637,5.5
42.0,1149.105,1117.46,31.64489,1.01762,19.89658,5.5
44.0,991.1329,959.488,31.64489,1.04323,41.0712,5.5
46.0,860.1219,828.477,31.64489,1.06618,53.38952,5.5
48.0,749.9109,718.266,31.64489,1.08536,58.97808,5.5
50.0,656.0969,624.452,31.64489,1.09984,59.55842,5.5
52.0,575.4759,543.831,31.64489,1.10884,56.48677,5.5
54.0,505.6679,474.023,31.64489,1.11179,50.84467,5.5
56.0,444.8739,413.229,31.64489,1.10832,43.47908,5.5
58.0,391.7019,360.057,31.64489,1.09823,35.03535,5.5
60.0,345.0579,313.413,31.64489,1.08152,26.00887,5.5
62.0,304.0619,272.417,31.64489,1.05835,16.76384,5.5
64.0,267.9949,236.35,31.64489,1.02904,7.562943,5.5
66.0,236.2579,204.613,31.64489,0.994045,-1.415332,5.5
68.0,208.3479,176.703,31.64489,0.953955,-10.05643,5.5
70.0,183.8319,152.187,31.64489,0.909454,-18.30246,5.5
72.0,162.3369,130.692,31.64489,0.861313,-26.13918,5.5
74.0,143.5349,111.89,31.64489,0.810366,-33.58865,5.5
76.0,127.1386,95.4937,31.64489,0.757494,-40.70247,5.5
78.0,112.8914,81.2465,31.64489,0.703604,-47.55595,5.5
80.0,100.5651,68.9202,31.64489,0.649611,-54.24308,5.5
82.0,89.9547,58.3098,31.64489,0.596417,-60.87048,5.5
84.0,80.87579,49.2309,31.64489,0.544902,-67.54684,5.5
86.0,73.1619,41.517,31.64489,0.495903,-74.37077,5.5
88.0,66.6624,35.0175,31.64489,0.450202,-81.40981,5.5
90.0,61.2411,29.5962,31.64489,0.408519,-88.66895,5.5
92.0,56.77429,25.1294,31.64489,0.371497,-96.05141,5.5
94.0,53.15019,21.5053,31.64489,0.339698,-103.3129,5.5
96.0,50.26759,18.6227,31.64489,0.313597,-110.026,5.5
98.0,48.03459,16.3897,31.64489,0.293581,-115.5816,5.5
100.0,46.36849,14.7236,31.64489,0.279942,-119.2676,5.5
102.0,45.19469,13.5498,31.64489,0.272885,-120.4234,5.5
104.0,44.44589,12.801,31.64489,0.272527,-118.6421,5.5
106.0,44.06189,12.417,31.64489,0.2789,-113.9227,5.5
108.0,43.98889,12.344,31.64489,0.291959,-106.6792,5.5
110.0,44.17879,12.5339,31.64489,0.311588,-97.60714,5.5
112.0,44.58909,12.9442,31.64489,0.337606,-87.48525,5.5
114.0,45.18229,13.5374,31.64489,0.369774,-77.00665,5.5
116.0,45.92519,14.2803,31.64489,0.407808,-66.68955,5.5
118.0,46.78899,15.1441,31.64489,0.45138,-56.86866,5.5
120.0,47.74849,16.1036,31.64489,0.50013,-47.72367,5.5
122.0,48.78209,17.1372,31.64489,0.553672,-39.32439,5.5
124.0,49.8709,18.226,31.64489,0.611599,-31.67092,5.5
126.0,50.99889,19.354,31.64489,0.673491,-24.72431,5.5
128.0,52.1526,20.5077,31.64489,0.738917,-18.42718,5.5
130.0,53.3204,21.6755,31.64489,0.807437,-12.71621,5.5
132.0,54.49239,22.8475,31.64489,0.87861,-7.528747,5.5
134.0,55.66039,24.0155,31.64489,0.95199,-2.807023,5.5
136.0,56.81729,25.1724,31.64489,1.02713,1.50074,5.5
138.0,57.95729,26.3124,31.64489,1.10358,5.439766,5.5
140.0,59.0751,27.4302,31.64489,1.18089,9.049187,5.5
142.0,60.16629,28.5214,31.64489,1.2586,12.36215,5.5
144.0,61.22709,29.5822,31.64489,1.33626,15.40735,5.5
146.0,62.25369,30.6088,31.64489,1.41341,18.20866,5.5
148.0,63.243,31.5981,31.64489,1.48958,20.78607,5.5
150.0,64.19189,32.547,31.64489,1.56431,23.15661,5.5
152.0,65.09729,33.4524,31.64489,1.63712,25.33399,5.5
154.0,65.9563,34.3114,31.64489,1.70754,27.3298,5.5
156.0,66.7663,35.1214,31.64489,1.77511,29.15381,5.5
158.0,67.52419,35.8793,31.64489,1.83936,30.81349,5.5
160.0,68.22749,36.5826,31.64489,1.89984,32.31526,5.5
162.0,68.8734,37.2285,31.64489,1.95611,33.66403,5.5
164.0,69.4594,37.8145,31.64489,2.00773,34.86341,5.5
166.0,69.98299,38.3381,31.64489,2.05433,35.9169,5.5
168.0,70.44189,38.797,31.64489,2.09552,36.82642,5.5
170.0,70.83399,39.1891,31.64489,2.13098,37.59389,5.5
172.0,71.15749,39.5126,31.64489,2.1604,38.22031,5.5
174.0,71.4108,39.7659,31.64489,2.18356,38.70695,5.5
176.0,71.59259,39.9477,31.64489,2.20024,39.05405,5.5
178.0,71.7021,40.0572,31.64489,2.21031,39.26226,5.5
180.0,71.73869,40.0938,31.64489,2.21367,39.33157,5.5
0.0,3.0210299999999997e+29,3.0210299999999997e+29,31.96379,1.0,0.0,5.6
2.0,188125000.0,188125000.0,31.96379,0.998895,-208115.6,5.6
4.0,11782630.0,11782600.0,31.96379,1.00038,4476.458,5.6
6.0,2350522.0,2350490.0,31.96379,1.00927,21589.16,5.6
8.0,750152.9,750121.0,31.96379,1.01652,12191.16,5.6
10.0,307570.0,307538.0,31.96379,1.01561,4727.372,5.6
12.0,147104.0,147072.0,31.96379,1.00488,714.3705,5.6
14.0,78122.76,78090.8,31.96379,0.985877,-1119.138,5.6
16.0,44820.96,44789.0,31.96379,0.961695,-1785.25,5.6
18.0,27335.36,27303.4,31.96379,0.935819,-1874.735,5.6
20.0,17547.06,17515.1,31.96379,0.91146,-1704.538,5.6
22.0,11779.36,11747.4,31.96379,0.891215,-1437.832,5.6
24.0,8231.813,8199.85,31.96379,0.876931,-1155.257,5.6
26.0,5966.324,5934.36,31.96379,0.869702,-893.8694,5.6
28.0,4469.464,4437.5,31.96379,0.869929,-668.2701,5.6
30.0,3448.434,3416.47,31.96379,0.877419,-481.7682,5.6
32.0,2730.494,2698.53,31.96379,0.891506,-332.2941,5.6
34.0,2210.724,2178.76,31.96379,0.91116,-215.5502,5.6
36.0,1823.754,1791.79,31.96379,0.935104,-126.568,5.6
38.0,1527.934,1495.97,31.96379,0.961909,-60.50529,5.6
40.0,1296.174,1264.21,31.96379,0.990082,-12.98413,5.6
42.0,1110.534,1078.57,31.96379,1.01814,19.78614,5.6
44.0,958.8618,926.898,31.96379,1.04467,41.00083,5.6
46.0,832.8368,800.873,31.96379,1.06836,53.2898,5.6
48.0,726.6138,694.65,31.96379,1.08809,58.82542,5.6
50.0,636.0258,604.062,31.96379,1.10285,59.3147,5.6
52.0,558.0428,526.079,31.96379,1.11189,56.15607,5.6
54.0,490.4168,458.453,31.96379,1.11462,50.43114,5.6
56.0,431.4438,399.48,31.96379,1.11065,42.98315,5.6
58.0,379.8078,347.844,31.96379,1.0998,34.46519,5.6
60.0,334.4718,302.508,31.96379,1.08208,25.37101,5.6
62.0,294.5998,262.636,31.96379,1.05768,16.06583,5.6
64.0,259.5058,227.542,31.96379,1.02694,6.807682,5.6
66.0,228.6208,196.657,31.96379,0.99035,-2.227692,5.6
68.0,201.4598,169.496,31.96379,0.94853,-10.93179,5.6
70.0,177.6088,145.645,31.96379,0.902205,-19.25201,5.6
72.0,156.7068,124.743,31.96379,0.852189,-27.18057,5.6
74.0,138.4388,106.475,31.96379,0.799359,-34.74846,5.6
76.0,122.5233,90.5595,31.96379,0.744639,-42.01724,5.6
78.0,108.7131,76.7493,31.96379,0.688978,-49.07581,5.6
80.0,96.78509,64.8213,31.96379,0.633332,-56.03379,5.6
82.0,86.53899,54.5752,31.96379,0.578643,-63.01607,5.6
84.0,77.7943,45.8305,31.96379,0.525826,-70.15255,5.6
86.0,70.38759,38.4238,31.96379,0.475748,-77.56382,5.6
88.0,64.17099,32.2072,31.96379,0.429222,-85.33437,5.6
90.0,59.01039,27.0466,31.96379,0.386987,-93.47636,5.6
92.0,54.78409,22.8203,31.96379,0.349704,-101.8744,5.6
94.0,51.38159,19.4178,31.96379,0.317946,-110.2232,5.6
96.0,48.70299,16.7392,31.96379,0.292195,-117.9768,5.6
98.0,46.65759,14.6938,31.96379,0.272834,-124.3533,5.6
100.0,45.16369,13.1999,31.96379,0.260153,-128.4406,5.6
102.0,44.14729,12.1835,31.96379,0.254346,-129.4245,5.6
104.0,43.54209,11.5783,31.96379,0.255515,-126.867,5.6
106.0,43.28849,11.3247,31.96379,0.263672,-120.887,5.6
108.0,43.33339,11.3696,31.96379,0.278752,-112.1216,5.6
110.0,43.62939,11.6656,31.96379,0.300614,-101.5049,5.6
112.0,44.13469,12.1709,31.96379,0.329052,-89.9921,5.6
114.0,44.81229,12.8485,31.96379,0.3638,-78.36608,5.6
116.0,45.62989,13.6661,31.96379,0.404547,-67.16267,5.6
118.0,46.55909,14.5953,31.96379,0.450942,-56.68942,5.6
120.0,47.57569,15.6119,31.96379,0.502598,-47.08384,5.6
122.0,48.65839,16.6946,31.96379,0.559109,-38.37007,5.6
124.0,49.78929,17.8255,31.96379,0.620048,-30.5098,5.6
126.0,50.95309,18.9893,31.96379,0.684977,-23.43348,5.6
128.0,52.13679,20.173,31.96379,0.75345,-17.06062,5.6
130.0,53.32949,21.3657,31.96379,0.825017,-11.31098,5.6
132.0,54.52199,22.5582,31.96379,0.899225,-6.110213,5.6
134.0,55.70669,23.7429,31.96379,0.975623,-1.391889,5.6
136.0,56.87719,24.9134,31.96379,1.05376,2.901723,5.6
138.0,58.02809,26.0643,31.96379,1.13317,6.819453,5.6
140.0,59.15469,27.1909,31.96379,1.21342,10.40431,5.6
142.0,60.25309,28.2893,31.96379,1.29403,13.69073,5.6
144.0,61.31969,29.3559,31.96379,1.37456,16.70928,5.6
146.0,62.35129,30.3875,31.96379,1.45453,19.48432,5.6
148.0,63.34479,31.381,31.96379,1.53348,22.03692,5.6
150.0,64.29759,32.3338,31.96379,1.61092,24.38401,5.6
152.0,65.20659,33.2428,31.96379,1.68639,26.54021,5.6
154.0,66.06929,34.1055,31.96379,1.7594,28.51712,5.6
156.0,66.88279,34.919,31.96379,1.82946,30.32403,5.6
158.0,67.64439,35.6806,31.96379,1.8961,31.96885,5.6
160.0,68.35129,36.3875,31.96379,1.95885,33.45771,5.6
162.0,69.00089,37.0371,31.96379,2.01725,34.79547,5.6
164.0,69.59039,37.6266,31.96379,2.07086,35.98581,5.6
166.0,70.11739,38.1536,31.96379,2.11925,37.03144,5.6
168.0,70.57959,38.6158,31.96379,2.16205,37.93484,5.6
170.0,70.97459,39.0108,31.96379,2.1989,38.69728,5.6
172.0,71.30059,39.3368,31.96379,2.22949,39.31992,5.6
174.0,71.55599,39.5922,31.96379,2.25357,39.80371,5.6
176.0,71.7394,39.7756,31.96379,2.27092,40.14894,5.6
178.0,71.84979,39.886,31.96379,2.28139,40.35593,5.6
180.0,71.88669,39.9229,31.96379,2.28489,40.42492,5.6
0.0,2.9162499999999998e+29,2.9162499999999998e+29,32.18222,1.0,0.0,5.7
2.0,181585000.0,181585000.0,32.18222,0.998811,-216163.2,5.7
4.0,11377530.0,11377500.0,32.18222,1.00069,7844.883,5.7
6.0,2270732.0,2270700.0,32.18222,1.01004,22571.68,5.7
8.0,724649.2,724617.0,32.18222,1.01724,12281.26,5.7
10.0,296923.2,296891.0,32.18222,1.01568,4583.871,5.7
12.0,141857.2,141825.0,32.18222,1.00385,544.0508,5.7
14.0,75233.38,75201.2,32.18222,0.983507,-1261.637,5.7
16.0,43099.88,43067.7,32.18222,0.957959,-1891.484,5.7
18.0,26248.68,26216.5,32.18222,0.930849,-1949.965,5.7
20.0,16829.28,16797.1,32.18222,0.905504,-1756.259,5.7
22.0,11287.88,11255.7,32.18222,0.884589,-1472.713,5.7
24.0,7884.942,7852.76,32.18222,0.869986,-1178.355,5.7
26.0,5715.182,5683.0,32.18222,0.862788,-908.9042,5.7
28.0,4283.502,4251.32,32.18222,0.863373,-677.8554,5.7
30.0,3307.942,3275.76,32.18222,0.871507,-487.7154,5.7
32.0,2622.402,2590.22,32.18222,0.886467,-335.8604,5.7
34.0,2126.152,2093.97,32.18222,0.907164,-217.583,5.7
36.0,1756.552,1724.37,32.18222,0.932254,-127.6469,5.7
38.0,1473.762,1441.58,32.18222,0.960242,-61.01984,5.7
40.0,1251.922,1219.74,32.18222,0.989574,-13.19005,5.7
42.0,1073.922,1041.74,32.18222,1.01871,19.72408,5.7
44.0,928.2262,896.044,32.18222,1.04618,40.97332,5.7
46.0,806.9232,774.741,32.18222,1.07064,53.24014,5.7
48.0,704.4792,672.297,32.18222,1.09091,58.70713,5.7
50.0,616.9492,584.767,32.18222,1.10599,59.12395,5.7
52.0,541.4682,509.286,32.18222,1.11507,55.87698,5.7
54.0,475.9102,443.728,32.18222,1.11758,50.07029,5.7
56.0,418.6652,386.483,32.18222,1.11312,42.54654,5.7
58.0,368.4882,336.306,32.18222,1.10152,33.96117,5.7
60.0,324.3932,292.211,32.18222,1.08281,24.80862,5.7
62.0,285.5882,253.406,32.18222,1.05718,15.44671,5.7
64.0,251.4202,219.238,32.18222,1.02501,6.134593,5.7
66.0,221.3432,189.161,32.18222,0.986825,-2.955145,5.7
68.0,194.8942,162.712,32.18222,0.943279,-11.71932,5.7
70.0,171.6752,139.493,32.18222,0.895139,-20.11088,5.7
72.0,151.3372,119.155,32.18222,0.843259,-28.12985,5.7
74.0,133.5752,101.393,32.18222,0.78856,-35.8161,5.7
76.0,118.1184,85.9362,32.18222,0.732011,-43.24311,5.7
78.0,104.7241,72.5419,32.18222,0.674605,-50.51357,5.7
80.0,93.17522,60.993,32.18222,0.617339,-57.75517,5.7
82.0,83.27612,51.0939,32.18222,0.561196,-65.1143,5.7
84.0,74.84982,42.6676,32.18222,0.507126,-72.74628,5.7
86.0,67.73602,35.5538,32.18222,0.456029,-80.79843,5.7
88.0,61.78912,29.6069,32.18222,0.408745,-89.37877,5.7
90.0,56.87712,24.6949,32.18222,0.366034,-98.5104,5.7
92.0,52.88002,20.6978,32.18222,0.328575,-108.0574,5.7
94.0,49.68882,17.5066,32.18222,0.296951,-117.6412,5.7
96.0,47.20462,15.0224,32.18222,0.271648,-126.5667,5.7
98.0,45.33772,13.1555,32.18222,0.253047,-133.8295,5.7
100.0,44.00732,11.8251,32.18222,0.241432,-138.2689,5.7
102.0,43.14022,10.958,32.18222,0.236983,-138.8991,5.7
104.0,42.67081,10.4886,32.18222,0.239784,-135.2844,5.7
106.0,42.54021,10.358,32.18222,0.24983,-127.7364,5.7
108.0,42.69582,10.5136,32.18222,0.267027,-117.1974,5.7
110.0,43.09092,10.9087,32.18222,0.291209,-104.8816,5.7
112.0,43.68432,11.5021,32.18222,0.322141,-91.92189,5.7
114.0,44.43962,12.2574,32.18222,0.359531,-79.16479,5.7
116.0,45.32502,13.1428,32.18222,0.403036,-67.13396,5.7
118.0,46.31312,14.1309,32.18222,0.452279,-56.08632,5.7
120.0,47.38012,15.1979,32.18222,0.506849,-46.09963,5.7
122.0,48.50542,16.3232,32.18222,0.566314,-37.14569,5.7
124.0,49.67202,17.4898,32.18222,0.630228,-29.14393,5.7
126.0,50.86502,18.6828,32.18222,0.698135,-21.99341,5.7
128.0,52.07232,19.8901,32.18222,0.769575,-15.59142,5.7
130.0,53.28362,21.1014,32.18222,0.844088,-9.84205,5.7
132.0,54.49042,22.3082,32.18222,0.921212,-4.660373,5.7
134.0,55.68581,23.5036,32.18222,1.00049,0.02727,5.7
136.0,56.86402,24.6818,32.18222,1.08147,4.283717,5.7
138.0,58.02002,25.8378,32.18222,1.16369,8.161361,5.7
140.0,59.14982,26.9676,32.18222,1.24669,11.70433,5.7
142.0,60.24992,28.0677,32.18222,1.33003,14.95025,5.7
144.0,61.31721,29.135,32.18222,1.41323,17.92922,5.7
146.0,62.34882,30.1666,32.18222,1.49584,20.66734,5.7
148.0,63.34202,31.1598,32.18222,1.57738,23.18554,5.7
150.0,64.29431,32.1121,32.18222,1.65736,25.5011,5.7
152.0,65.20302,33.0208,32.18222,1.73531,27.62874,5.7
154.0,66.06541,33.8832,32.18222,1.81073,29.5799,5.7
156.0,66.87912,34.6969,32.18222,1.88313,31.36425,5.7
158.0,67.64111,35.4589,32.18222,1.95202,32.98926,5.7
160.0,68.34882,36.1666,32.18222,2.01691,34.46093,5.7
162.0,68.99942,36.8172,32.18222,2.07732,35.78382,5.7
164.0,69.59032,37.4081,32.18222,2.1328,36.9617,5.7
166.0,70.11882,37.9366,32.18222,2.1829,37.99696,5.7
168.0,70.58241,38.4002,32.18222,2.22723,38.89174,5.7
170.0,70.97902,38.7968,32.18222,2.26541,39.64737,5.7
172.0,71.30641,39.1242,32.18222,2.29711,40.26462,5.7
174.0,71.56302,39.3808,32.18222,2.32207,40.74439,5.7
176.0,71.74731,39.5651,32.18222,2.34006,41.08686,5.7
178.0,71.85822,39.676,32.18222,2.35092,41.29222,5.7
180.0,71.89532,39.7131,32.18222,2.35455,41.36068,5.7
0.0,2.81684e+29,2.81684e+29,32.33908,1.0,0.0,5.8
2.0,175381000.0,175381000.0,32.33908,0.998731,-222848.2,5.8
4.0,10993330.0,10993300.0,32.33908,1.00102,11201.56,5.8
6.0,2195042.0,2195010.0,32.33908,1.01083,23517.67,5.8
8.0,700428.3,700396.0,32.33908,1.01794,12344.24,5.8
10.0,286801.3,286769.0,32.33908,1.01567,4424.824,5.8
12.0,136865.3,136833.0,32.33908,1.00269,367.1749,5.8
14.0,72483.44,72451.1,32.33908,0.98098,-1405.366,5.8
16.0,41461.64,41429.3,32.33908,0.95404,-1997.379,5.8
18.0,25214.64,25182.3,32.33908,0.925682,-2024.347,5.8
20.0,16146.54,16114.2,32.33908,0.899348,-1807.067,5.8
22.0,10820.54,10788.2,32.33908,0.877775,-1506.696,5.8
24.0,7555.389,7523.05,32.33908,0.862873,-1200.696,5.8
26.0,5476.729,5444.39,32.33908,0.855733,-923.3156,5.8
28.0,4107.029,4074.69,32.33908,0.856706,-686.9482,5.8
30.0,3174.679,3142.34,32.33908,0.865516,-493.2821,5.8
32.0,2519.899,2487.56,32.33908,0.881381,-339.1359,5.8
34.0,2045.969,2013.63,32.33908,0.903147,-219.4087,5.8
36.0,1692.839,1660.5,32.33908,0.929405,-128.5833,5.8
38.0,1422.389,1390.05,32.33908,0.958592,-61.44249,5.8
40.0,1209.929,1177.59,32.33908,0.98909,-13.3459,5.8
42.0,1039.149,1006.81,32.33908,1.0193,19.67582,5.8
44.0,899.1031,866.764,32.33908,1.0477,40.93468,5.8
46.0,782.2631,749.924,32.33908,1.07292,53.16574,5.8
48.0,683.3901,651.051,32.33908,1.09372,58.55915,5.8
50.0,598.7521,566.413,32.33908,1.10908,58.88834,5.8
52.0,525.6391,493.3,32.33908,1.11819,55.55881,5.8
54.0,462.0421,429.703,32.33908,1.12045,49.67019,5.8
56.0,406.4371,374.098,32.33908,1.11547,42.07312,5.8
58.0,357.6461,325.307,32.33908,1.1031,33.42698,5.8
60.0,314.7341,282.395,32.33908,1.08336,24.21746,5.8
62.0,276.9481,244.609,32.33908,1.05649,14.80827,5.8
64.0,243.6651,211.326,32.33908,1.02289,5.452672,5.8
66.0,214.3631,182.024,32.33908,0.983108,-3.683236,5.8
68.0,188.5991,156.26,32.33908,0.937847,-12.49884,5.8
70.0,165.9891,133.65,32.33908,0.88791,-20.9545,5.8
72.0,146.1951,113.856,32.33908,0.834196,-29.0576,5.8
74.0,128.9234,96.5843,32.33908,0.777669,-36.85844,5.8
76.0,113.9093,81.5702,32.33908,0.719343,-44.44254,5.8
78.0,100.9174,68.5783,32.33908,0.660253,-51.92916,5.8
80.0,89.73549,57.3964,32.33908,0.601438,-59.46608,5.8
82.0,80.17198,47.8329,32.33908,0.54392,-67.22467,5.8
84.0,72.05348,39.7144,32.33908,0.488684,-75.39043,5.8
86.0,65.22229,32.8832,32.33908,0.43666,-84.14401,5.8
88.0,59.53529,27.1962,32.33908,0.388714,-93.62433,5.8
90.0,54.86238,22.5233,32.33908,0.345627,-103.8705,5.8
92.0,51.08508,18.746,32.33908,0.308092,-114.7261,5.8
94.0,48.09568,15.7566,32.33908,0.2767,-125.7232,5.8
96.0,45.79659,13.4575,32.33908,0.251938,-135.9806,5.8
98.0,44.09908,11.76,32.33908,0.234187,-144.208,5.8
100.0,42.92308,10.584,32.33908,0.223718,-148.9394,5.8
102.0,42.19633,9.85725,32.33908,0.2207,-148.9969,5.8
104.0,41.85384,9.51476,32.33908,0.225197,-144.0005,5.8
106.0,41.83743,9.49834,32.33908,0.23718,-134.5578,5.8
108.0,42.09518,9.7561,32.33908,0.256533,-121.9975,5.8
110.0,42.58109,10.242,32.33908,0.28306,-107.8502,5.8
112.0,43.25449,10.9154,32.33908,0.316499,-93.41099,5.8
114.0,44.07969,11.7406,32.33908,0.356527,-79.55663,5.8
116.0,45.02568,12.6866,32.33908,0.402777,-66.76244,5.8
118.0,46.06569,13.7266,32.33908,0.454842,-55.21275,5.8
120.0,47.17638,14.8373,32.33908,0.512289,-44.91301,5.8
122.0,48.33839,15.9993,32.33908,0.574664,-35.77753,5.8
124.0,49.53489,17.1958,32.33908,0.641502,-27.68215,5.8
126.0,50.75198,18.4129,32.33908,0.712333,-20.49557,5.8
128.0,51.97829,19.6392,32.33908,0.786685,-14.09426,5.8
130.0,53.20409,20.865,32.33908,0.864088,-8.368444,5.8
132.0,54.42168,22.0826,32.33908,0.944078,-3.223641,5.8
134.0,55.62469,23.2856,32.33908,1.02619,1.419633,5.8
136.0,56.80798,24.4689,32.33908,1.10998,5.628695,5.8
138.0,57.96709,25.628,32.33908,1.19497,9.457846,5.8
140.0,59.09859,26.7595,32.33908,1.28073,12.95413,5.8
142.0,60.19939,27.8603,32.33908,1.36679,16.15503,5.8
144.0,61.26669,28.9276,32.33908,1.45269,19.09204,5.8
146.0,62.29808,29.959,32.33908,1.53797,21.79139,5.8
148.0,63.29108,30.952,32.33908,1.62215,24.2743,5.8
150.0,64.24329,31.9042,32.33908,1.70474,26.55819,5.8
152.0,65.15218,32.8131,32.33908,1.78526,28.65767,5.8
154.0,66.01538,33.6763,32.33908,1.86319,30.58401,5.8
156.0,66.83018,34.4911,32.33908,1.93803,32.34662,5.8
158.0,67.59389,35.2548,32.33908,2.00928,33.95304,5.8
160.0,68.30368,35.9646,32.33908,2.07643,35.40892,5.8
162.0,68.95668,36.6176,32.33908,2.13898,36.71856,5.8
164.0,69.55019,37.2111,32.33908,2.19644,37.88522,5.8
166.0,70.08148,37.7424,32.33908,2.24837,38.91158,5.8
168.0,70.54788,38.2088,32.33908,2.29433,39.79908,5.8
170.0,70.94698,38.6079,32.33908,2.33394,40.54904,5.8
172.0,71.27669,38.9376,32.33908,2.36684,41.16198,5.8
174.0,71.53519,39.1961,32.33908,2.39275,41.63855,5.8
176.0,71.72089,39.3818,32.33908,2.41142,41.97871,5.8
178.0,71.83278,39.4937,32.33908,2.4227,42.18289,5.8
180.0,71.87019,39.5311,32.33908,2.42647,42.25095,5.8
0.0,2.7224399999999998e+29,2.7224399999999998e+29,32.43541,1.0,0.0,5.9
2.0,169490000.0,169490000.0,32.43541,0.998653,-228617.2,5.9
4.0,10628630.0,10628600.0,32.43541,1.00138,14646.89,5.9
6.0,2123162.0,2123130.0,32.43541,1.01163,24408.65,5.9
8.0,677401.4,677369.0,32.43541,1.01861,12376.13,5.9
10.0,277170.4,277138.0,32.43541,1.0156,4257.437,5.9
12.0,132112.4,132080.0,32.43541,1.00142,187.3347,5.9
14.0,69864.44,69832.0,32.43541,0.978305,-1549.324,5.9
16.0,39901.63,39869.2,32.43541,0.949949,-2102.342,5.9
18.0,24230.13,24197.7,32.43541,0.920333,-2097.439,5.9
20.0,15496.94,15464.5,32.43541,0.893012,-1856.623,5.9
22.0,10376.14,10343.7,32.43541,0.87079,-1539.637,5.9
24.0,7242.125,7209.69,32.43541,0.855606,-1222.197,5.9
26.0,5250.176,5217.74,32.43541,0.848547,-937.0784,5.9
28.0,3939.445,3907.01,32.43541,0.849936,-695.5453,5.9
30.0,3048.175,3015.74,32.43541,0.859448,-498.491,5.9
32.0,2422.625,2390.19,32.43541,0.876246,-342.1523,5.9
34.0,1969.875,1937.44,32.43541,0.899108,-221.0466,5.9
36.0,1632.365,1599.93,32.43541,0.926555,-129.3924,5.9
38.0,1373.605,1341.17,32.43541,0.95696,-61.77895,5.9
40.0,1170.035,1137.6,32.43541,0.988638,-13.44676,5.9
42.0,1006.11,973.675,32.43541,1.01993,19.65995,5.9
44.0,871.4064,838.971,32.43541,1.04928,40.92612,5.9
46.0,758.7924,726.357,32.43541,1.07524,53.09656,5.9
48.0,663.3024,630.867,32.43541,1.09656,58.40857,5.9
50.0,581.4034,548.968,32.43541,1.1122,58.65265,5.9
52.0,510.5354,478.1,32.43541,1.12131,55.23276,5.9
54.0,448.7974,416.362,32.43541,1.12331,49.26618,5.9
56.0,394.7504,362.315,32.43541,1.1178,41.60101,5.9
58.0,347.2774,314.842,32.43541,1.10463,32.89393,5.9
60.0,305.4924,273.057,32.43541,1.08386,23.63646,5.9
62.0,268.6774,236.242,32.43541,1.05573,14.18297,5.9
64.0,236.2394,203.804,32.43541,1.02069,4.788711,5.9
66.0,207.6804,175.245,32.43541,0.979311,-4.387463,5.9
68.0,182.5714,150.136,32.43541,0.932337,-13.24985,5.9
70.0,160.5444,128.109,32.43541,0.880614,-21.76522,5.9
72.0,141.2734,108.838,32.43541,0.825083,-29.94986,5.9
74.0,124.4726,92.0372,32.43541,0.766754,-37.86449,5.9
76.0,109.8847,77.4493,32.43541,0.706685,-45.60849,5.9
78.0,97.28011,64.8447,32.43541,0.645956,-53.31856,5.9
80.0,86.45161,54.0162,32.43541,0.585645,-61.16616,5.9
82.0,77.21141,44.776,32.43541,0.526814,-69.35154,5.9
84.0,69.38911,36.9537,32.43541,0.470482,-78.09605,5.9
86.0,62.83001,30.3946,32.43541,0.41761,-87.62139,5.9
88.0,57.39301,24.9576,32.43541,0.369087,-98.10693,5.9
90.0,52.94971,20.5143,32.43541,0.325715,-109.6148,5.9
92.0,49.38321,16.9478,32.43541,0.288198,-121.9685,5.9
94.0,46.58721,14.1518,32.43541,0.257135,-134.5908,5.9
96.0,44.46491,12.0295,32.43541,0.233014,-146.3601,5.9
98.0,42.92871,10.4933,32.43541,0.216209,-155.6232,5.9
100.0,41.89943,9.46402,32.43541,0.206982,-160.5309,5.9
102.0,41.30542,8.87001,32.43541,0.205483,-159.7108,5.9
104.0,41.08245,8.64704,32.43541,0.211756,-152.926,5.9
106.0,41.17299,8.73758,32.43541,0.225749,-141.2109,5.9
108.0,41.52582,9.09041,32.43541,0.247317,-126.3794,5.9
110.0,42.09553,9.66012,32.43541,0.276237,-110.2936,5.9
112.0,42.84221,10.4068,32.43541,0.312214,-94.37845,5.9
114.0,43.73071,11.2953,32.43541,0.354899,-79.48945,5.9
116.0,44.73091,12.2955,32.43541,0.403894,-66.01822,5.9
118.0,45.81641,13.381,32.43541,0.458767,-54.05217,5.9
120.0,46.96501,14.5296,32.43541,0.51906,-43.51588,5.9
122.0,48.15771,15.7223,32.43541,0.584298,-34.26206,5.9
124.0,49.37871,16.9433,32.43541,0.654,-26.12391,5.9
126.0,50.61471,18.1793,32.43541,0.727682,-18.94137,5.9
128.0,51.85501,19.4196,32.43541,0.804862,-12.57219,5.9
130.0,53.09071,20.6553,32.43541,0.885065,-6.894387,5.9
132.0,54.31471,21.8793,32.43541,0.967822,-1.805846,5.9
134.0,55.52141,23.086,32.43541,1.05267,2.777997,5.9
136.0,56.70611,24.2707,32.43541,1.13916,6.927229,5.9
138.0,57.86511,25.4297,32.43541,1.22684,10.69913,5.9
140.0,58.99531,26.5599,32.43541,1.31526,14.14083,5.9
142.0,60.09411,27.6587,32.43541,1.40396,17.29082,5.9
144.0,61.15931,28.7239,32.43541,1.49248,20.181,5.9
146.0,62.18851,29.7531,32.43541,1.58037,22.83791,5.9
148.0,63.17961,30.7442,32.43541,1.66713,25.28238,5.9
150.0,64.13051,31.6951,32.43541,1.7523,27.5326,5.9
152.0,65.03871,32.6033,32.43541,1.83535,29.60203,5.9
154.0,65.90181,33.4664,32.43541,1.91578,31.50234,5.9
156.0,66.71721,34.2818,32.43541,1.99307,33.24261,5.9
158.0,67.48221,35.0468,32.43541,2.06669,34.8299,5.9
160.0,68.19381,35.7584,32.43541,2.13612,36.26966,5.9
162.0,68.84921,36.4138,32.43541,2.20083,37.56591,5.9
164.0,69.4454,37.01,32.43541,2.26032,38.7217,5.9
166.0,69.97951,37.5441,32.43541,2.31412,39.73928,5.9
168.0,70.44881,38.0134,32.43541,2.36175,40.61974,5.9
170.0,70.85071,38.4153,32.43541,2.40282,41.36423,5.9
172.0,71.18291,38.7475,32.43541,2.43695,41.97307,5.9
174.0,71.44341,39.008,32.43541,2.46384,42.44664,5.9
176.0,71.63071,39.1953,32.43541,2.48323,42.78493,5.9
178.0,71.74361,39.3082,32.43541,2.49493,42.98785,5.9
180.0,71.78131,39.3459,32.43541,2.49885,43.05558,5.9
0.0,2.63271e+29,2.63271e+29,32.48143,1.0,0.0,6.0
2.0,163892000.0,163892000.0,32.48143,0.998581,-232886.4,6.0
4.0,10282330.0,10282300.0,32.48143,1.00176,18065.1,6.0
6.0,2054822.0,2054790.0,32.48143,1.01243,25227.8,6.0
8.0,655490.5,655458.0,32.48143,1.01925,12379.89,6.0
10.0,267996.5,267964.0,32.48143,1.01545,4077.545,6.0
12.0,127583.5,127551.0,32.48143,1.00004,5.11027,6.0
14.0,67367.88,67335.4,32.48143,0.975479,-1693.455,6.0
16.0,38414.68,38382.2,32.48143,0.945686,-2206.289,6.0
18.0,23291.98,23259.5,32.48143,0.914801,-2169.274,6.0
20.0,14878.08,14845.6,32.48143,0.886492,-1905.016,6.0
22.0,9953.052,9920.57,32.48143,0.863631,-1571.606,6.0
24.0,6944.071,6911.59,32.48143,0.848183,-1242.925,6.0
26.0,5034.741,5002.26,32.48143,0.84123,-950.2349,6.0
28.0,3780.161,3747.68,32.48143,0.843063,-703.6809,6.0
30.0,2927.991,2895.51,32.48143,0.853308,-503.3505,6.0
32.0,2330.231,2297.75,32.48143,0.871067,-344.9146,6.0
34.0,1897.621,1865.14,32.48143,0.895053,-222.5004,6.0
36.0,1574.941,1542.46,32.48143,0.923716,-130.0646,6.0
38.0,1327.281,1294.8,32.48143,0.955359,-62.01981,6.0
40.0,1132.141,1099.66,32.48143,0.988233,-13.48052,6.0
42.0,974.7014,942.22,32.48143,1.02062,19.69229,6.0
44.0,845.0615,812.58,32.48143,1.05091,40.93793,6.0
46.0,736.4504,703.969,32.48143,1.07761,53.03955,6.0
48.0,644.1635,611.682,32.48143,1.09945,58.26738,6.0
50.0,564.8605,532.379,32.48143,1.11535,58.41812,6.0
52.0,496.1194,463.638,32.48143,1.12446,54.91259,6.0
54.0,436.1465,403.665,32.48143,1.12617,48.8635,6.0
56.0,383.5775,351.096,32.48143,1.12011,41.13122,6.0
58.0,337.3575,304.876,32.48143,1.10612,32.36571,6.0
60.0,296.6444,264.163,32.48143,1.08429,23.0604,6.0
62.0,260.7554,228.274,32.48143,1.0549,13.57047,6.0
64.0,229.1244,196.643,32.48143,1.01839,4.137529,6.0
66.0,201.2744,168.793,32.48143,0.975407,-5.074733,6.0
68.0,176.7944,144.313,32.48143,0.926717,-13.98056,6.0
70.0,155.3264,122.845,32.48143,0.873213,-22.55277,6.0
72.0,136.5584,104.077,32.48143,0.815878,-30.81761,6.0
74.0,120.2103,87.7289,32.48143,0.755771,-38.84623,6.0
76.0,106.0328,73.5514,32.48143,0.693992,-46.75398,6.0
78.0,93.80173,61.3203,32.48143,0.631665,-54.69744,6.0
80.0,83.31403,50.8326,32.48143,0.569912,-62.8735,6.0
82.0,74.38573,41.9043,32.48143,0.509831,-71.51699,6.0
84.0,66.84953,34.3681,32.48143,0.452475,-80.8924,6.0
86.0,60.55293,28.0715,32.48143,0.398836,-91.27121,6.0
88.0,55.35693,22.8755,32.48143,0.349826,-102.8844,6.0
90.0,51.13493,18.6535,32.48143,0.306264,-115.8286,6.0
92.0,47.77133,15.2899,32.48143,0.268866,-129.9058,6.0
94.0,45.16093,12.6795,32.48143,0.238236,-144.4029,6.0
96.0,43.20813,10.7267,32.48143,0.214859,-157.8918,6.0
98.0,41.8261,9.34466,32.48143,0.199103,-168.2466,6.0
100.0,40.93641,8.45497,32.48143,0.191216,-173.1482,6.0
102.0,40.46822,7.98679,32.48143,0.191328,-171.0441,6.0
104.0,40.35798,7.87654,32.48143,0.199462,-161.9762,6.0
106.0,40.54877,8.06734,32.48143,0.215536,-147.5812,6.0
108.0,40.99006,8.50862,32.48143,0.239379,-130.2449,6.0
110.0,41.63706,9.15563,32.48143,0.270733,-112.1568,6.0
112.0,42.4505,9.96907,32.48143,0.309277,-94.80672,6.0
114.0,43.39613,10.9147,32.48143,0.354627,-78.97506,6.0
116.0,44.44413,11.9627,32.48143,0.406357,-64.928,6.0
118.0,45.56923,13.0878,32.48143,0.464008,-52.63862,6.0
120.0,46.74983,14.2684,32.48143,0.527099,-41.94286,6.0
122.0,47.96753,15.4861,32.48143,0.595135,-32.63189,6.0
124.0,49.20753,16.7261,32.48143,0.667619,-24.49848,6.0
126.0,50.45713,17.9757,32.48143,0.744056,-17.35649,6.0
128.0,51.70654,19.2251,32.48143,0.823957,-11.04738,6.0
130.0,52.94743,20.466,32.48143,0.906842,-5.439178,6.0
132.0,54.17363,21.6922,32.48143,0.992246,-0.4233478,6.0
134.0,55.37994,22.8985,32.48143,1.07971,4.088444,6.0
136.0,56.56243,24.081,32.48143,1.16878,8.16801,6.0
138.0,57.71803,25.2366,32.48143,1.25902,11.87441,6.0
140.0,58.84413,26.3627,32.48143,1.34998,15.25524,6.0
142.0,59.93853,27.4571,32.48143,1.44122,18.34979,6.0
144.0,60.99934,28.5179,32.48143,1.53228,21.18981,6.0
146.0,62.02464,29.5432,32.48143,1.6227,23.80153,6.0
148.0,63.01254,30.5311,32.48143,1.712,26.20615,6.0
150.0,63.96093,31.4795,32.48143,1.79969,28.42096,6.0
152.0,64.86774,32.3863,32.48143,1.88527,30.46007,6.0
154.0,65.73033,33.2489,32.48143,1.9682,32.33417,6.0
156.0,66.54613,34.0647,32.48143,2.04794,34.05195,6.0
158.0,67.31244,34.831,32.48143,2.12397,35.62064,6.0
160.0,68.02614,35.5447,32.48143,2.19571,37.04475,6.0
162.0,68.68414,36.2027,32.48143,2.26264,38.32838,6.0
164.0,69.28333,36.8019,32.48143,2.32422,39.47405,6.0
166.0,69.82083,37.3394,32.48143,2.37994,40.48361,6.0
168.0,70.29343,37.812,32.48143,2.42931,41.35788,6.0
170.0,70.69864,38.2172,32.48143,2.4719,42.09771,6.0
172.0,71.03374,38.5523,32.48143,2.50731,42.70308,6.0
174.0,71.29674,38.8153,32.48143,2.53522,43.17423,6.0
176.0,71.48583,39.0044,32.48143,2.55535,43.51086,6.0
178.0,71.59984,39.1184,32.48143,2.56751,43.71296,6.0
180.0,71.63794,39.1565,32.48143,2.57158,43.78038,6.0
0.0,2.5473499999999997e+29,2.5473499999999997e+29,32.49009,1.0,0.0,6.1
2.0,158568000.0,158568000.0,32.49009,0.998513,-236152.5,6.1
4.0,9952942.0,9952910.0,32.49009,1.00217,21550.69,6.1
6.0,1989812.0,1989780.0,32.49009,1.01325,26020.23,6.1
8.0,634622.5,634590.0,32.49009,1.01986,12358.2,6.1
10.0,259251.5,259219.0,32.49009,1.01522,3886.667,6.1
12.0,123262.5,123230.0,32.49009,0.998536,-180.7219,6.1
14.0,64985.79,64953.3,32.49009,0.972499,-1837.714,6.1
16.0,36995.79,36963.3,32.49009,0.941244,-2309.414,6.1
18.0,22397.09,22364.6,32.49009,0.909078,-2240.059,6.1
20.0,14288.09,14255.6,32.49009,0.879783,-1952.382,6.1
22.0,9549.891,9517.4,32.49009,0.856295,-1602.681,6.1
24.0,6660.24,6627.75,32.49009,0.840604,-1262.92,6.1
26.0,4829.73,4797.24,32.49009,0.833783,-962.8206,6.1
28.0,3628.69,3596.2,32.49009,0.836091,-711.3759,6.1
30.0,2813.75,2781.26,32.49009,0.847104,-507.8608,6.1
32.0,2242.46,2209.97,32.49009,0.865859,-347.4075,6.1
34.0,1828.99,1796.5,32.49009,0.891,-223.7486,6.1
36.0,1520.4,1487.91,32.49009,0.920905,-130.5847,6.1
38.0,1283.28,1250.79,32.49009,0.953808,-62.14799,6.1
40.0,1096.13,1063.64,32.49009,0.987894,-13.43237,6.1
42.0,944.8451,912.355,32.49009,1.02139,19.78698,6.1
44.0,820.0021,787.512,32.49009,1.05261,40.98418,6.1
46.0,715.1821,682.692,32.49009,1.08006,53.01325,6.1
48.0,625.9281,593.438,32.49009,1.1024,58.14132,6.1
50.0,549.0831,516.593,32.49009,1.11854,58.19044,6.1
52.0,482.3581,449.868,32.49009,1.12762,54.59156,6.1
54.0,424.0561,391.566,32.49009,1.12902,48.45946,6.1
56.0,372.8911,340.401,32.49009,1.12237,40.65565,6.1
58.0,327.8611,295.371,32.49009,1.10755,31.83735,6.1
60.0,288.1681,255.678,32.49009,1.08463,22.48477,6.1
62.0,253.1621,220.672,32.49009,1.05394,12.95669,6.1
64.0,222.3031,189.813,32.49009,1.01595,3.490062,6.1
66.0,195.1311,162.641,32.49009,0.971347,-5.75602,6.1
68.0,171.2531,138.763,32.49009,0.920934,-14.70279,6.1
70.0,150.3231,117.833,32.49009,0.865648,-23.33075,6.1
72.0,132.0379,99.5478,32.49009,0.806521,-31.67501,6.1
74.0,116.1262,83.6361,32.49009,0.744655,-39.8201,6.1
76.0,102.3449,69.8548,32.49009,0.681198,-47.89761,6.1
78.0,90.47459,57.9845,32.49009,0.617317,-56.0864,6.1
80.0,80.31659,47.8265,32.49009,0.554176,-64.61317,6.1
82.0,71.69029,39.2002,32.49009,0.492912,-73.75208,6.1
84.0,64.43099,31.9409,32.49009,0.43461,-83.81914,6.1
86.0,58.3886,25.8985,32.49009,0.380292,-95.14762,6.1
88.0,53.4259,20.9358,32.49009,0.330891,-108.0348,6.1
90.0,49.41789,16.9278,32.49009,0.287243,-122.6242,6.1
92.0,46.25019,13.7601,32.49009,0.250073,-138.6966,6.1
94.0,43.81879,11.3287,32.49009,0.219988,-155.3684,6.1
96.0,42.02901,9.53892,32.49009,0.197471,-170.8074,6.1
98.0,40.79487,8.30478,32.49009,0.182876,-182.2791,6.1
100.0,40.0386,7.54851,32.49009,0.176436,-186.8913,6.1
102.0,39.69011,7.20002,32.49009,0.17826,-182.9628,6.1
104.0,39.68646,7.19637,32.49009,0.188344,-171.0262,6.1
106.0,39.97142,7.48133,32.49009,0.206577,-153.5226,6.1
108.0,40.49505,8.00496,32.49009,0.232755,-133.4864,6.1
110.0,41.21328,8.72319,32.49009,0.266589,-113.3816,6.1
112.0,42.08747,9.59738,32.49009,0.307722,-94.68362,6.1
114.0,43.08399,10.5939,32.49009,0.35574,-78.0269,6.1
116.0,44.1741,11.684,32.49009,0.410186,-63.51875,6.1
118.0,45.33279,12.8427,32.49009,0.470574,-51.00231,6.1
120.0,46.53949,14.0494,32.49009,0.536399,-40.22333,6.1
122.0,47.77659,15.2865,32.49009,0.607149,-30.91347,6.1
124.0,49.02999,16.5399,32.49009,0.682312,-22.82862,6.1
126.0,50.28809,17.798,32.49009,0.761383,-15.76026,6.1
128.0,51.54139,19.0513,32.49009,0.843869,-9.536089,6.1
130.0,52.78279,20.2927,32.49009,0.929291,-4.016197,6.1
132.0,54.00659,21.5165,32.49009,1.01719,0.9126826,6.1
134.0,55.20829,22.7182,32.49009,1.1071,5.340808,6.1
136.0,56.38479,23.8947,32.49009,1.1986,9.342585,6.1
138.0,57.53349,25.0434,32.49009,1.29125,12.97706,6.1
140.0,58.65239,26.1623,32.49009,1.38461,16.29217,6.1
142.0,59.73959,27.2495,32.49009,1.47825,19.32722,6.1
144.0,60.79379,28.3037,32.49009,1.57173,22.11425,6.1
146.0,61.81329,29.3232,32.49009,1.66458,24.67882,6.1
148.0,62.7963,30.3062,32.49009,1.75634,27.04223,6.1
150.0,63.74109,31.251,32.49009,1.84649,29.22095,6.1
152.0,64.64539,32.1553,32.49009,1.93454,31.22898,6.1
154.0,65.5069,33.0168,32.49009,2.01994,33.07677,6.1
156.0,66.32279,33.8327,32.49009,2.10215,34.77281,6.1
158.0,67.09019,34.6001,32.49009,2.18058,36.32306,6.1
160.0,67.80589,35.3158,32.49009,2.25468,37.73249,6.1
162.0,68.4668,35.9767,32.49009,2.32386,39.00426,6.1
164.0,69.06949,36.5794,32.49009,2.38757,40.14071,6.1
166.0,69.6106,37.1205,32.49009,2.44527,41.14315,6.1
168.0,70.0871,37.597,32.49009,2.49643,42.01217,6.1
170.0,70.4959,38.0058,32.49009,2.5406,42.74816,6.1
172.0,70.83429,38.3442,32.49009,2.57734,43.3508,6.1
174.0,71.1001,38.61,32.49009,2.60631,43.82011,6.1
176.0,71.29129,38.8012,32.49009,2.62722,44.15565,6.1
178.0,71.40669,38.9166,32.49009,2.63985,44.35716,6.1
180.0,71.44519,38.9551,32.49009,2.64407,44.42427,6.1
0.0,2.4660899999999997e+29,2.4660899999999997e+29,32.46618,1.0,0.0,6.2
2.0,153500000.0,153500000.0,32.46618,0.99845,-238303.1,6.2
4.0,9639552.0,9639520.0,32.46618,1.00259,24901.52,6.2
6.0,1927912.0,1927880.0,32.46618,1.01408,26768.19,6.2
8.0,614728.4,614696.0,32.46618,1.02045,12319.25,6.2
10.0,250906.5,250874.0,32.46618,1.01492,3688.489,6.2
12.0,119136.5,119104.0,32.46618,0.996909,-369.3843,6.2
14.0,62710.66,62678.2,32.46618,0.96936,-1982.188,6.2
16.0,35640.86,35608.4,32.46618,0.936621,-2411.736,6.2
18.0,21542.77,21510.3,32.46618,0.903164,-2309.786,6.2
20.0,13725.07,13692.6,32.46618,0.872885,-1998.731,6.2
22.0,9165.426,9132.96,32.46618,0.848783,-1632.889,6.2
24.0,6389.766,6357.3,32.46618,0.832871,-1282.209,6.2
26.0,4634.506,4602.04,32.46618,0.826213,-974.8299,6.2
28.0,3484.546,3452.08,32.46618,0.829031,-718.6094,6.2
30.0,2705.116,2672.65,32.46618,0.840848,-512.0122,6.2
32.0,2159.026,2126.56,32.46618,0.860635,-349.6172,6.2
34.0,1763.776,1731.31,32.46618,0.886965,-224.776,6.2
36.0,1468.586,1436.12,32.46618,0.918144,-130.93,6.2
38.0,1241.476,1209.01,32.46618,0.952332,-62.14079,6.2
40.0,1061.916,1029.45,32.46618,0.987647,-13.28198,6.2
42.0,916.4652,883.999,32.46618,1.02225,19.94757,6.2
44.0,796.1682,763.702,32.46618,1.05442,41.09128,6.2
46.0,694.9372,662.471,32.46618,1.0826,53.02219,6.2
48.0,608.5552,576.089,32.46618,1.10543,58.04073,6.2
50.0,534.0372,501.571,32.46618,1.1218,57.98333,6.2
52.0,469.2202,436.754,32.46618,1.13082,54.28221,6.2
54.0,412.5032,380.037,32.46618,1.13188,48.06245,6.2
56.0,362.6682,330.202,32.46618,1.12462,40.18753,6.2
58.0,318.7682,286.302,32.46618,1.10892,31.30994,6.2
60.0,280.0452,247.579,32.46618,1.08489,21.91285,6.2
62.0,245.8802,213.414,32.46618,1.05286,12.34469,6.2
64.0,215.7562,183.29,32.46618,1.01337,2.846615,6.2
66.0,189.2332,156.767,32.46618,0.96712,-6.43353,6.2
68.0,165.9322,133.466,32.46618,0.914968,-15.4208,6.2
70.0,145.5182,113.052,32.46618,0.857895,-24.10419,6.2
72.0,127.6982,95.232,32.46618,0.796979,-32.52961,6.2
74.0,112.2072,79.741,32.46618,0.73337,-40.79496,6.2
76.0,98.80829,66.3421,32.46618,0.668262,-49.05032,6.2
78.0,87.28699,54.8208,32.46618,0.602868,-57.49924,6.2
80.0,77.44838,44.9822,32.46618,0.538394,-66.40237,6.2
82.0,69.11478,36.6486,32.46618,0.476013,-76.08037,6.2
84.0,62.12428,29.6581,32.46618,0.416846,-86.90985,6.2
86.0,56.32858,23.8624,32.46618,0.36194,-99.30103,6.2
88.0,51.59248,19.1263,32.46618,0.312252,-113.6346,6.2
90.0,47.79218,15.326,32.46618,0.268632,-130.1173,6.2
92.0,44.81458,12.3484,32.46618,0.231812,-148.5084,6.2
94.0,42.55658,10.0904,32.46618,0.202399,-167.7043,6.2
96.0,40.92443,8.45825,32.46618,0.180869,-185.3412,6.2
98.0,39.83284,7.36666,32.46618,0.167563,-197.8858,6.2
100.0,39.20476,6.73858,32.46618,0.162695,-201.7661,6.2
102.0,38.97073,6.50455,32.46618,0.166348,-195.3016,6.2
104.0,39.06841,6.60223,32.46618,0.178488,-179.817,6.2
106.0,39.44222,6.97604,32.46618,0.198972,-158.7878,6.2
108.0,40.04282,7.57664,32.46618,0.22756,-135.9232,6.2
110.0,40.82678,8.3606,32.46618,0.263928,-113.8623,6.2
112.0,41.75615,9.28997,32.46618,0.307681,-93.95633,6.2
114.0,42.79808,10.3319,32.46618,0.358372,-76.62553,6.2
116.0,43.92428,11.4581,32.46618,0.415512,-61.78694,6.2
118.0,45.11088,12.6447,32.46618,0.478588,-49.1474,6.2
120.0,46.33798,13.8718,32.46618,0.547071,-38.36398,6.2
122.0,47.58878,15.1226,32.46618,0.620429,-29.11425,6.2
124.0,48.84998,16.3838,32.46618,0.69814,-21.12163,6.2
126.0,50.11068,17.6445,32.46618,0.77969,-14.15932,6.2
128.0,51.36258,18.8964,32.46618,0.864585,-8.044629,6.2
130.0,52.59898,20.1328,32.46618,0.952351,-2.63169,6.2
132.0,53.81528,21.3491,32.46618,1.04253,2.19539,6.2
134.0,55.00758,22.5414,32.46618,1.13468,6.529087,6.2
136.0,56.17348,23.7073,32.46618,1.22839,10.44413,6.2
138.0,57.31098,24.8448,32.46618,1.32322,13.99923,6.2
140.0,58.41858,25.9524,32.46618,1.41876,17.24278,6.2
142.0,59.49498,27.0288,32.46618,1.5146,20.214,6.2
144.0,60.53918,28.073,32.46618,1.61029,22.94398,6.2
146.0,61.54988,29.0837,32.46618,1.70539,25.4585,6.2
148.0,62.52558,30.0594,32.46618,1.79943,27.77814,6.2
150.0,63.46438,30.9982,32.46618,1.89191,29.91924,6.2
152.0,64.36449,31.8983,32.46618,1.98232,31.89521,6.2
154.0,65.22318,32.757,32.46618,2.07009,33.71577,6.2
156.0,66.03789,33.5717,32.46618,2.15467,35.38916,6.2
158.0,66.80548,34.3393,32.46618,2.23546,36.92104,6.2
160.0,67.52268,35.0565,32.46618,2.31187,38.31573,6.2
162.0,68.18588,35.7197,32.46618,2.38329,39.5759,6.2
164.0,68.79158,36.3254,32.46618,2.44912,40.70329,6.2
166.0,69.33628,36.8701,32.46618,2.5088,41.69905,6.2
168.0,69.81638,37.3502,32.46618,2.56177,42.5632,6.2
170.0,70.22888,37.7627,32.46618,2.60753,43.29578,6.2
172.0,70.57068,38.1045,32.46618,2.64562,43.89615,6.2
174.0,70.83928,38.3731,32.46618,2.67567,44.36394,6.2
176.0,71.03268,38.5665,32.46618,2.69737,44.69863,6.2
178.0,71.14928,38.6831,32.46618,2.71048,44.89959,6.2
180.0,71.18828,38.7221,32.46618,2.71486,44.96656,6.2
0.0,2.3886599999999998e+29,2.3886599999999998e+29,32.41777,1.0,0.0,6.3
2.0,148672000.0,148672000.0,32.41777,0.998393,-239297.1,6.3
4.0,9341102.0,9341070.0,32.41777,1.00305,28403.22,6.3
6.0,1868912.0,1868880.0,32.41777,1.01491,27456.07,6.3
8.0,595748.4,595716.0,32.41777,1.02099,12247.68,6.3
10.0,242936.4,242904.0,32.41777,1.01453,3479.302,6.3
12.0,115193.4,115161.0,32.41777,0.99515,-561.4105,6.3
14.0,60535.52,60503.1,32.41777,0.966051,-2127.343,6.3
16.0,34345.42,34313.0,32.41777,0.931804,-2513.642,6.3
18.0,20726.32,20693.9,32.41777,0.897048,-2378.709,6.3
20.0,13187.32,13154.9,32.41777,0.865789,-2044.243,6.3
22.0,8798.468,8766.05,32.41777,0.841092,-1662.3,6.3
24.0,6131.838,6099.42,32.41777,0.824988,-1300.801,6.3
26.0,4448.508,4416.09,32.41777,0.818529,-986.2509,6.3
28.0,3347.348,3314.93,32.41777,0.821899,-725.3517,6.3
30.0,2601.808,2569.39,32.41777,0.834562,-515.7651,6.3
32.0,2079.738,2047.32,32.41777,0.855425,-351.4956,6.3
34.0,1701.848,1669.43,32.41777,0.882984,-225.5347,6.3
36.0,1419.398,1386.98,32.41777,0.915469,-131.0619,6.3
38.0,1201.798,1169.38,32.41777,0.950967,-61.96618,6.3
40.0,1029.427,997.009,32.41777,0.987528,-13.00115,6.3
42.0,889.5018,857.084,32.41777,1.02325,20.211,6.3
44.0,773.5058,741.088,32.41777,1.05637,41.27583,6.3
46.0,675.6698,643.252,32.41777,1.08527,53.08762,6.3
48.0,592.0018,559.584,32.41777,1.10857,57.97887,6.3
50.0,519.6818,487.264,32.41777,1.12513,57.79581,6.3
52.0,456.6688,424.251,32.41777,1.13406,53.98394,6.3
54.0,401.4507,369.033,32.41777,1.13474,47.66861,6.3
56.0,352.8768,320.459,32.41777,1.12682,39.71515,6.3
58.0,310.0488,277.631,32.41777,1.11019,30.77336,6.3
60.0,272.2478,239.83,32.41777,1.08499,21.32586,6.3
62.0,238.8838,206.466,32.41777,1.0516,11.72157,6.3
64.0,209.4618,177.044,32.41777,1.01056,2.188814,6.3
66.0,183.5598,151.142,32.41777,0.962642,-7.123541,6.3
68.0,160.8128,128.395,32.41777,0.908733,-16.15095,6.3
70.0,140.8958,108.478,32.41777,0.849865,-24.89029,6.3
72.0,123.5239,91.1061,32.41777,0.787165,-33.39859,6.3
74.0,108.44,76.0222,32.41777,0.721831,-41.78905,6.3
76.0,95.41197,62.9942,32.41777,0.655107,-50.23137,6.3
78.0,84.22977,51.812,32.41777,0.588248,-58.95774,6.3
80.0,74.70187,42.2841,32.41777,0.522505,-68.26685,6.3
82.0,66.65357,34.2358,32.41777,0.459087,-78.53365,6.3
84.0,59.92507,27.5073,32.41777,0.399149,-90.20702,6.3
86.0,54.37027,21.9525,32.41777,0.343765,-103.7909,6.3
88.0,49.85527,17.4375,32.41777,0.293909,-119.773,6.3
90.0,46.25757,13.8398,32.41777,0.250446,-138.4432,6.3
92.0,43.46517,11.0474,32.41777,0.214112,-159.5369,6.3
94.0,41.37594,8.95817,32.41777,0.185512,-181.6605,6.3
96.0,39.89671,7.47894,32.41777,0.165111,-201.739,6.3
98.0,38.94301,6.52524,32.41777,0.153236,-215.1945,6.3
100.0,38.4384,6.02063,32.41777,0.150073,-217.6929,6.3
102.0,38.314,5.89623,32.41777,0.155678,-207.7965,6.3
104.0,38.50808,6.09031,32.41777,0.169985,-188.03,6.3
106.0,38.96562,6.54785,32.41777,0.192813,-163.1246,6.3
108.0,39.63792,7.22015,32.41777,0.223883,-137.4095,6.3
110.0,40.4822,8.06443,32.41777,0.26283,-113.5421,6.3
112.0,41.46119,9.04342,32.41777,0.309224,-92.62022,6.3
114.0,42.54267,10.1249,32.41777,0.362578,-74.79118,6.3
116.0,43.69937,11.2816,32.41777,0.422372,-59.76244,6.3
118.0,44.90797,12.4902,32.41777,0.488063,-47.10468,6.3
120.0,46.14947,13.7317,32.41777,0.559099,-36.3931,6.3
122.0,47.40797,14.9902,32.41777,0.634932,-27.25825,6.3
124.0,48.67097,16.2532,32.41777,0.715026,-19.39784,6.3
126.0,49.92857,17.5108,32.41777,0.798864,-12.57089,6.3
128.0,51.17317,18.7554,32.41777,0.885954,-6.587355,6.3
130.0,52.39927,19.9815,32.41777,0.975829,-1.297912,6.3
132.0,53.60257,21.1848,32.41777,1.06804,3.414779,6.3
134.0,54.78047,22.3627,32.41777,1.16217,7.644107,6.3
136.0,55.93087,23.5131,32.41777,1.25782,11.46436,6.3
138.0,57.05267,24.6349,32.41777,1.35457,14.93401,6.3
140.0,58.14487,25.7271,32.41777,1.45204,18.10129,6.3
142.0,59.20677,26.789,32.41777,1.54982,21.00442,6.3
144.0,60.23767,27.8199,32.41777,1.64749,23.67437,6.3
146.0,61.23647,28.8187,32.41777,1.74463,26.13649,6.3
148.0,62.20217,29.7844,32.41777,1.84076,28.4106,6.3
150.0,63.13287,30.7151,32.41777,1.9354,30.51281,6.3
152.0,64.02677,31.609,32.41777,2.02801,32.45554,6.3
154.0,64.88127,32.4635,32.41777,2.11804,34.24858,6.3
156.0,65.69357,33.2758,32.41777,2.2049,35.89922,6.3
158.0,66.46047,34.0427,32.41777,2.28799,37.41294,6.3
160.0,67.17827,34.7605,32.41777,2.36666,38.79301,6.3
162.0,67.84348,35.4257,32.41777,2.44029,40.04208,6.3
164.0,68.45197,36.0342,32.41777,2.50824,41.16113,6.3
166.0,69.00007,36.5823,32.41777,2.5699,42.15075,6.3
168.0,69.48387,37.0661,32.41777,2.62469,43.0107,6.3
170.0,69.90007,37.4823,32.41777,2.67206,43.74045,6.3
172.0,70.24527,37.8275,32.41777,2.71153,44.33913,6.3
174.0,70.51677,38.099,32.41777,2.74268,44.80587,6.3
176.0,70.71247,38.2947,32.41777,2.76518,45.14001,6.3
178.0,70.83047,38.4127,32.41777,2.77878,45.3407,6.3
180.0,70.86997,38.4522,32.41777,2.78333,45.40767,6.3
0.0,6.1053e+28,6.1053e+28,0.8816404,1.0,0.0,12.5
2.0,38373500.0,38373500.0,0.8816404,1.00821,312478.0,12.5
4.0,2426611.0,2426610.0,0.8816404,1.01946,46320.38,12.5
6.0,467057.9,467057.0,0.8816404,0.99235,-3600.562,12.5
8.0,138297.9,138297.0,0.8816404,0.927352,-10834.15,12.5
10.0,51440.28,51439.4,0.8816404,0.840568,-9756.769,12.5
12.0,22173.78,22172.9,0.8816404,0.74964,-7405.458,12.5
14.0,10707.78,10706.9,0.8816404,0.66886,-5301.222,12.5
16.0,5721.432,5720.55,0.8816404,0.607787,-3692.116,12.5
18.0,3369.462,3368.58,0.8816404,0.571306,-2528.362,12.5
20.0,2176.862,2175.98,0.8816404,0.560309,-1708.247,12.5
22.0,1526.272,1525.39,0.8816404,0.572623,-1139.132,12.5
24.0,1142.292,1141.41,0.8816404,0.604016,-748.8696,12.5
26.0,896.0386,895.157,0.8816404,0.649148,-484.2916,12.5
28.0,724.9836,724.102,0.8816404,0.702413,-307.1494,12.5
30.0,597.8406,596.959,0.8816404,0.758615,-190.2279,12.5
32.0,498.4867,497.605,0.8816404,0.813446,-114.3219,12.5
34.0,418.2906,417.409,0.8816404,0.863765,-65.97379,12.5
36.0,352.3687,351.487,0.8816404,0.907674,-35.84192,12.5
38.0,297.7116,296.83,0.8816404,0.944426,-17.51861,12.5
40.0,252.2686,251.387,0.8816404,0.974186,-6.684604,12.5
42.0,214.4806,213.599,0.8816404,0.997719,-0.4903447,12.5
44.0,183.0656,182.184,0.8816404,1.01603,2.888236,12.5
46.0,156.9206,156.039,0.8816404,1.03,4.570497,12.5
48.0,135.0816,134.2,0.8816404,1.04015,5.214187,12.5
50.0,116.7096,115.828,0.8816404,1.0464,5.175192,12.5
52.0,101.0916,100.21,0.8816404,1.04802,4.631994,12.5
54.0,87.63424,86.7526,0.8816404,1.04366,3.666054,12.5
56.0,75.86374,74.9821,0.8816404,1.03154,2.319586,12.5
58.0,65.41563,64.534,0.8816404,1.00964,0.6245852,12.5
60.0,56.02554,55.1439,0.8816404,0.976043,-1.375151,12.5
62.0,47.51454,46.6329,0.8816404,0.929268,-3.61661,12.5
64.0,39.77414,38.8925,0.8816404,0.868552,-6.019481,12.5
66.0,32.75014,31.8685,0.8816404,0.794123,-8.490499,12.5
68.0,26.42674,25.5451,0.8816404,0.70737,-10.93241,12.5
70.0,20.81244,19.9308,0.8816404,0.610916,-13.25516,12.5
72.0,15.92654,15.0449,0.8816404,0.508575,-15.38947,12.5
74.0,11.78914,10.9075,0.8816404,0.405201,-17.30541,12.5
76.0,8.413011,7.53137,0.8816404,0.306431,-19.04182,12.5
78.0,5.79731,4.91567,0.8816404,0.218354,-20.75274,12.5
80.0,3.92468,3.04304,0.8816404,0.147119,-22.75223,12.5
82.0,2.75961,1.87797,0.8816404,0.0985262,-25.24929,12.5
84.0,2.2489,1.36726,0.8816404,0.0776221,-26.72352,12.5
86.0,2.323461,1.44182,0.8816404,0.0883356,-23.97919,12.5
88.0,2.90122,2.01958,0.8816404,0.13318,-18.88298,12.5
90.0,3.89069,3.00905,0.8816404,0.21304,-14.37203,12.5
92.0,5.194901,4.31326,0.8816404,0.327064,-10.68854,12.5
94.0,6.71541,5.83377,0.8816404,0.472662,-7.492226,12.5
96.0,8.356161,7.47452,0.8816404,0.645608,-4.586927,12.5
98.0,10.02693,9.14529,0.8816404,0.84025,-1.90634,12.5
100.0,11.64624,10.7646,0.8816404,1.0498,0.5524705,12.5
102.0,13.14374,12.2621,0.8816404,1.26668,2.767213,12.5
104.0,14.46184,13.5802,0.8816404,1.48295,4.709764,12.5
106.0,15.55654,14.6749,0.8816404,1.69068,6.355189,12.5
108.0,16.39814,15.5165,0.8816404,1.88241,7.686892,12.5
110.0,16.97034,16.0887,0.8816404,2.0515,8.698178,12.5
112.0,17.27024,16.3886,0.8816404,2.19246,9.393134,12.5
114.0,17.30634,16.4247,0.8816404,2.3012,9.785768,12.5
116.0,17.09734,16.2157,0.8816404,2.37525,9.899218,12.5
118.0,16.67014,15.7885,0.8816404,2.41377,9.763872,12.5
120.0,16.05804,15.1764,0.8816404,2.4176,9.415899,12.5
122.0,15.29854,14.4169,0.8816404,2.38913,8.895146,12.5
124.0,14.43104,13.5494,0.8816404,2.33213,8.243117,12.5
126.0,13.49564,12.614,0.8816404,2.25148,7.501522,12.5
128.0,12.53084,11.6492,0.8816404,2.15292,6.710448,12.5
130.0,11.57214,10.6905,0.8816404,2.04264,5.906855,12.5
132.0,10.65103,9.76939,0.8816404,1.92699,5.123742,12.5
134.0,9.794061,8.91242,0.8816404,1.81214,4.389368,12.5
136.0,9.02212,8.14048,0.8816404,1.70375,3.726672,12.5
138.0,8.350281,7.46864,0.8816404,1.60672,3.153183,12.5
140.0,7.78778,6.90614,0.8816404,1.525,2.681039,12.5
142.0,7.33833,6.45669,0.8816404,1.46144,2.317029,12.5
144.0,7.00063,6.11899,0.8816404,1.41774,2.06275,12.5
146.0,6.769051,5.88741,0.8816404,1.39444,1.914736,12.5
148.0,6.63449,5.75285,0.8816404,1.39104,1.865044,12.5
150.0,6.58521,5.70357,0.8816404,1.40609,1.901861,12.5
152.0,6.60779,5.72615,0.8816404,1.43738,2.010683,12.5
154.0,6.687971,5.80633,0.8816404,1.48214,2.175596,12.5
156.0,6.811481,5.92984,0.8816404,1.53728,2.380615,12.5
158.0,6.96469,6.08305,0.8816404,1.59955,2.610534,12.5
160.0,7.13516,6.25352,0.8816404,1.66579,2.851811,12.5
162.0,7.31201,6.43037,0.8816404,1.73303,3.092805,12.5
164.0,7.48616,6.60452,0.8816404,1.79864,3.324038,12.5
166.0,7.650381,6.76874,0.8816404,1.86038,3.538113,12.5
168.0,7.799221,6.91758,0.8816404,1.91647,3.729645,12.5
170.0,7.928841,7.0472,0.8816404,1.96555,3.894936,12.5
172.0,8.03672,7.15508,0.8816404,2.00664,4.031657,12.5
174.0,8.121401,7.23976,0.8816404,2.03908,4.138526,12.5
176.0,8.18214,7.3005,0.8816404,2.06246,4.214965,12.5
178.0,8.21864,7.337,0.8816404,2.07656,4.260826,12.5
180.0,8.23081,7.34917,0.8816404,2.08128,4.276124,12.5
0.0,4.88823e+28,4.88823e+28,0.3318299,1.0,0.0,13.98
2.0,30777600.0,30777600.0,0.3318299,1.00998,304125.1,13.98
4.0,1930020.0,1930020.0,0.3318299,1.01272,24241.54,13.98
6.0,365752.3,365752.0,0.3318299,0.970593,-11081.56,13.98
8.0,106532.3,106532.0,0.3318299,0.892211,-12870.29,13.98
10.0,39095.23,39094.9,0.3318299,0.797909,-9901.874,13.98
12.0,16733.73,16733.4,0.3318299,0.706595,-6948.48,13.98
14.0,8098.962,8098.63,0.3318299,0.631884,-4718.204,13.98
16.0,4381.992,4381.66,0.3318299,0.581445,-3154.391,13.98
18.0,2632.692,2632.36,0.3318299,0.557601,-2088.77,13.98
20.0,1736.832,1736.5,0.3318299,0.558475,-1373.123,13.98
22.0,1235.922,1235.59,0.3318299,0.579319,-897.4827,13.98
24.0,929.0919,928.76,0.3318299,0.613857,-584.4396,13.98
26.0,724.0648,723.733,0.3318299,0.655508,-380.521,13.98
28.0,576.7709,576.439,0.3318299,0.698396,-249.0798,13.98
30.0,465.3458,465.014,0.3318299,0.738072,-165.1426,13.98
32.0,378.4048,378.073,0.3318299,0.771927,-111.8032,13.98
34.0,309.5798,309.248,0.3318299,0.799275,-77.74599,13.98
36.0,254.9238,254.592,0.3318299,0.821148,-55.52427,13.98
38.0,211.6728,211.341,0.3318299,0.839844,-40.36544,13.98
40.0,177.6678,177.336,0.3318299,0.858325,-29.32582,13.98
42.0,151.0958,150.764,0.3318299,0.879554,-20.69105,13.98
44.0,130.3798,130.048,0.3318299,0.905844,-13.55205,13.98
46.0,114.1478,113.816,0.3318299,0.938346,-7.500077,13.98
48.0,101.2238,100.892,0.3318299,0.976693,-2.415524,13.98
50.0,90.63173,90.2999,0.3318299,1.01889,1.680293,13.98
52.0,81.59133,81.2595,0.3318299,1.06143,4.722077,13.98
54.0,73.51293,73.1811,0.3318299,1.0996,6.658682,13.98
56.0,65.98183,65.65,0.3318299,1.12803,7.488852,13.98
58.0,58.73843,58.4066,0.3318299,1.14129,7.271729,13.98
60.0,51.65303,51.3212,0.3318299,1.13455,6.125702,13.98
62.0,44.69903,44.3672,0.3318299,1.10425,4.219942,13.98
64.0,37.92513,37.5933,0.3318299,1.04857,1.756702,13.98
66.0,31.42933,31.0975,0.3318299,0.96785,-1.044016,13.98
68.0,25.33503,25.0032,0.3318299,0.864749,-3.962522,13.98
70.0,19.77093,19.4391,0.3318299,0.7442,-6.79576,13.98
72.0,14.85483,14.523,0.3318299,0.613164,-9.37169,13.98
74.0,10.68133,10.3495,0.3318299,0.480196,-11.56236,13.98
76.0,7.31467,6.98284,0.3318299,0.354852,-13.29863,13.98
78.0,4.78416,4.45233,0.3318299,0.247014,-14.58381,13.98
80.0,3.08364,2.75181,0.3318299,0.166164,-15.47417,13.98
82.0,2.1735,1.84167,0.3318299,0.120679,-15.83709,13.98
84.0,1.98475,1.65292,0.3318299,0.117204,-14.9494,13.98
86.0,2.42459,2.09276,0.3318299,0.16014,-12.71585,13.98
88.0,3.38284,3.05101,0.3318299,0.25129,-10.07906,13.98
90.0,4.73861,4.40678,0.3318299,0.389681,-7.421618,13.98
92.0,6.36696,6.03513,0.3318299,0.571571,-4.772444,13.98
94.0,8.144979,7.81315,0.3318299,0.790648,-2.156672,13.98
96.0,9.95715,9.62532,0.3318299,1.03838,0.3680306,13.98
98.0,11.69973,11.3679,0.3318299,1.30451,2.731052,13.98
100.0,13.28423,12.9524,0.3318299,1.57766,4.864019,13.98
102.0,14.63953,14.3077,0.3318299,1.84598,6.709038,13.98
104.0,15.71333,15.3815,0.3318299,2.09785,8.223124,13.98
106.0,16.47213,16.1403,0.3318299,2.32249,9.379685,13.98
108.0,16.90123,16.5694,0.3318299,2.51063,10.16936,13.98
110.0,17.00253,16.6707,0.3318299,2.65497,10.59849,13.98
112.0,16.79353,16.4617,0.3318299,2.75055,10.68801,13.98
114.0,16.30433,15.9725,0.3318299,2.79503,10.471,13.98
116.0,15.57523,15.2434,0.3318299,2.78875,9.990209,13.98
118.0,14.65363,14.3218,0.3318299,2.73468,9.295185,13.98
120.0,13.59163,13.2598,0.3318299,2.63819,8.439754,13.98
122.0,12.44283,12.111,0.3318299,2.50672,7.479041,13.98
124.0,11.26003,10.9282,0.3318299,2.34928,6.46706,13.98
126.0,10.0926,9.76077,0.3318299,2.17598,5.454414,13.98
128.0,8.985,8.65317,0.3318299,1.99739,4.486629,13.98
130.0,7.97491,7.64308,0.3318299,1.82397,3.602628,13.98
132.0,7.09226,6.76043,0.3318299,1.66549,2.833898,13.98
134.0,6.35859,6.02676,0.3318299,1.53051,2.204034,13.98
136.0,5.78683,5.455,0.3318299,1.42595,1.728602,13.98
138.0,5.38158,5.04975,0.3318299,1.35683,1.415291,13.98
140.0,5.13966,4.80783,0.3318299,1.32599,1.263567,13.98
142.0,5.05109,4.71926,0.3318299,1.33414,1.265063,13.98
144.0,5.10023,4.7684,0.3318299,1.37989,1.404117,13.98
146.0,5.26719,4.93536,0.3318299,1.45999,1.659501,13.98
148.0,5.52924,5.19741,0.3318299,1.56964,2.006624,13.98
150.0,5.86229,5.53046,0.3318299,1.70288,2.419716,13.98
152.0,6.2423,5.91047,0.3318299,1.85304,2.873619,13.98
154.0,6.64649,6.31466,0.3318299,2.01323,3.345084,13.98
156.0,7.05444,6.72261,0.3318299,2.17672,3.813582,13.98
158.0,7.44885,7.11702,0.3318299,2.33739,4.262026,13.98
160.0,7.81606,7.48423,0.3318299,2.49,4.67708,13.98
162.0,8.146279,7.81445,0.3318299,2.63042,5.049329,13.98
164.0,8.43356,8.10173,0.3318299,2.75573,5.373188,13.98
166.0,8.67545,8.34362,0.3318299,2.86421,5.646535,13.98
168.0,8.87244,8.54061,0.3318299,2.95524,5.870166,13.98
170.0,9.02733,8.6955,0.3318299,3.02913,6.047157,13.98
172.0,9.14438,8.81255,0.3318299,3.08683,6.181994,13.98
174.0,9.22853,8.8967,0.3318299,3.12964,6.279778,13.98
176.0,9.28456,8.95273,0.3318299,3.15896,6.345441,13.98
178.0,9.31643,8.9846,0.3318299,3.17601,6.383055,13.98
180.0,9.32675,8.99492,0.3318299,3.18159,6.395275,13.98
0.0,4.81952e+28,4.81952e+28,0.3111949,1.0,0.0,14.08
2.0,30347300.0,30347300.0,0.3111949,1.01006,302251.8,14.08
4.0,1901850.0,1901850.0,0.3111949,1.01217,22867.14,14.08
6.0,360045.3,360045.0,0.3111949,0.96907,-11491.64,14.08
8.0,104764.3,104764.0,0.3111949,0.889916,-12959.51,14.08
10.0,38418.81,38418.5,0.3111949,0.795281,-9889.663,14.08
12.0,16440.71,16440.4,0.3111949,0.704123,-6908.492,14.08
14.0,7961.011,7960.7,0.3111949,0.629978,-4675.956,14.08
16.0,4312.311,4312.0,0.3111949,0.580358,-3118.121,14.08
18.0,2594.711,2594.4,0.3111949,0.557395,-2060.356,14.08
20.0,1714.041,1713.73,0.3111949,0.559009,-1352.173,14.08
22.0,1220.531,1220.22,0.3111949,0.580271,-882.85,14.08
24.0,917.3862,917.075,0.3111949,0.614775,-574.8446,14.08
26.0,714.2702,713.959,0.3111949,0.655875,-374.7638,14.08
28.0,568.0862,567.775,0.3111949,0.697706,-246.1338,14.08
30.0,457.4482,457.137,0.3111949,0.735913,-164.1582,14.08
32.0,371.1972,370.886,0.3111949,0.768048,-112.1023,14.08
34.0,303.0622,302.751,0.3111949,0.793639,-78.80184,14.08
36.0,249.1262,248.815,0.3111949,0.813957,-56.94182,14.08
38.0,206.6202,206.309,0.3111949,0.831538,-41.85936,14.08
40.0,173.3672,173.056,0.3111949,0.849548,-30.70274,14.08
42.0,147.5262,147.215,0.3111949,0.871091,-21.83176,14.08
44.0,127.4982,127.187,0.3111949,0.898547,-14.39555,14.08
46.0,111.8922,111.581,0.3111949,0.933037,-8.030377,14.08
48.0,99.519,99.2078,0.3111949,0.97408,-2.648167,14.08
50.0,89.39359,89.0824,0.3111949,1.01948,1.708111,14.08
52.0,80.7344,80.4232,0.3111949,1.06548,4.961601,14.08
54.0,72.9546,72.6434,0.3111949,1.10708,7.05638,14.08
56.0,65.64619,65.335,0.3111949,1.13862,7.992021,14.08
58.0,58.55899,58.2478,0.3111949,1.15441,7.832654,14.08
60.0,51.5745,51.2633,0.3111949,1.14943,6.704869,14.08
62.0,44.6778,44.3666,0.3111949,1.11998,4.786193,14.08
64.0,37.9292,37.618,0.3111949,1.06421,2.288491,14.08
66.0,31.43719,31.126,0.3111949,0.982548,-0.5583857,14.08
68.0,25.33459,25.0234,0.3111949,0.877784,-3.527396,14.08
70.0,19.75739,19.4462,0.3111949,0.755084,-6.408429,14.08
72.0,14.82909,14.5179,0.3111949,0.621691,-9.023745,14.08
74.0,10.64839,10.3372,0.3111949,0.486463,-11.24103,14.08
76.0,7.281435,6.97024,0.3111949,0.359261,-12.98638,14.08
78.0,4.758295,4.4471,0.3111949,0.250242,-14.25648,14.08
80.0,3.072335,2.76114,0.3111949,0.169104,-15.09598,14.08
82.0,2.182545,1.87135,0.3111949,0.124372,-15.36598,14.08
84.0,2.017965,1.70677,0.3111949,0.122748,-14.42194,14.08
86.0,2.483545,2.17235,0.3111949,0.1686,-12.24685,14.08
88.0,3.466735,3.15554,0.3111949,0.263605,-9.684514,14.08
90.0,4.844505,4.53331,0.3111949,0.406584,-7.070634,14.08
92.0,6.490045,6.17885,0.3111949,0.593526,-4.444683,14.08
94.0,8.279025,7.96783,0.3111949,0.817796,-1.844557,14.08
96.0,10.09495,9.78376,0.3111949,1.07052,0.6650009,14.08
98.0,11.83369,11.5225,0.3111949,1.3411,3.009823,14.08
100.0,13.40679,13.0956,0.3111949,1.61784,5.119946,14.08
102.0,14.74349,14.4323,0.3111949,1.88861,6.936962,14.08
104.0,15.79249,15.4813,0.3111949,2.14157,8.418235,14.08
106.0,16.5215,16.2103,0.3111949,2.36582,9.538083,14.08
108.0,16.917,16.6058,0.3111949,2.55203,10.28816,14.08
110.0,16.9826,16.6714,0.3111949,2.69294,10.67626,14.08
112.0,16.7372,16.426,0.3111949,2.78371,10.72465,14.08
114.0,16.2123,15.9011,0.3111949,2.8222,10.46774,14.08
116.0,15.44959,15.1384,0.3111949,2.80904,9.949639,14.08
118.0,14.49789,14.1867,0.3111949,2.74751,9.221155,14.08
120.0,13.41009,13.0989,0.3111949,2.64334,8.336931,14.08
122.0,12.24059,11.9294,0.3111949,2.50433,7.352822,14.08
124.0,11.04269,10.7315,0.3111949,2.3399,6.323392,14.08
126.0,9.866175,9.55498,0.3111949,2.16047,5.299495,14.08
128.0,8.755374,8.44418,0.3111949,1.97694,4.326623,14.08
130.0,7.747825,7.43663,0.3111949,1.80001,3.443501,14.08
132.0,6.873075,6.56188,0.3111949,1.63962,2.681204,14.08
134.0,6.152085,5.84089,0.3111949,1.50445,2.062826,14.08
136.0,5.597115,5.28592,0.3111949,1.40145,1.603312,14.08
138.0,5.211955,4.90076,0.3111949,1.33557,1.309535,14.08
140.0,4.992595,4.6814,0.3111949,1.30953,1.180086,14.08
142.0,4.928185,4.61699,0.3111949,1.32384,1.205541,14.08
144.0,5.002255,4.69106,0.3111949,1.37686,1.369166,14.08
146.0,5.194085,4.88289,0.3111949,1.46507,1.648804,14.08
148.0,5.480235,5.16904,0.3111949,1.58333,2.019027,14.08
150.0,5.836015,5.52482,0.3111949,1.72539,2.453583,14.08
152.0,6.236855,5.92566,0.3111949,1.88429,2.926932,14.08
154.0,6.659615,6.34842,0.3111949,2.05285,3.415532,14.08
156.0,7.083635,6.77244,0.3111949,2.22412,3.898719,14.08
158.0,7.491505,7.18031,0.3111949,2.3918,4.359343,14.08
160.0,7.869595,7.5584,0.3111949,2.55053,4.78412,14.08
162.0,8.208235,7.89704,0.3111949,2.69612,5.163773,14.08
164.0,8.501704,8.19051,0.3111949,2.82564,5.492933,14.08
166.0,8.747834,8.43664,0.3111949,2.93743,5.769777,14.08
168.0,8.947484,8.63629,0.3111949,3.03096,5.995454,14.08
170.0,9.103814,8.79262,0.3111949,3.10663,6.173368,14.08
172.0,9.221444,8.91025,0.3111949,3.16554,6.308372,14.08
174.0,9.305644,8.99445,0.3111949,3.20913,6.405903,14.08
176.0,9.361485,9.05029,0.3111949,3.23891,6.471165,14.08
178.0,9.393154,9.08196,0.3111949,3.25619,6.508447,14.08
180.0,9.403395,9.0922,0.3111949,3.26185,6.520554,14.08
0.0,4.54625e+28,4.54625e+28,0.2360593,1.0,0.0,14.5
2.0,28634200.0,28634200.0,0.2360593,1.01032,292484.2,14.5
4.0,1789660.0,1789660.0,0.2360593,1.00971,17210.36,14.5
6.0,337374.2,337374.0,0.2360593,0.96263,-13097.12,14.5
8.0,97768.94,97768.7,0.2360593,0.88041,-13280.39,14.5
10.0,35753.84,35753.6,0.2360593,0.784603,-9815.498,14.5
12.0,15292.64,15292.4,0.2360593,0.694323,-6732.611,14.5
14.0,7423.306,7423.07,0.2360593,0.622741,-4497.069,14.5
16.0,4042.006,4041.77,0.2360593,0.576685,-2967.03,14.5
18.0,2447.736,2447.5,0.2360593,0.55744,-1943.295,14.5
20.0,1625.616,1625.38,0.2360593,0.562059,-1266.636,14.5
22.0,1160.376,1160.14,0.2360593,0.584858,-823.6543,14.5
24.0,871.0981,870.862,0.2360593,0.618886,-536.4279,14.5
26.0,675.1301,674.894,0.2360593,0.657254,-352.0681,14.5
28.0,533.1271,532.891,0.2360593,0.694199,-234.8473,14.5
30.0,425.5341,425.298,0.2360593,0.72581,-160.7544,14.5
32.0,342.049,341.813,0.2360593,0.750388,-113.7805,14.5
34.0,276.748,276.512,0.2360593,0.768424,-83.40215,14.5
36.0,225.8011,225.565,0.2360593,0.782252,-62.85406,14.5
38.0,186.399,186.163,0.2360593,0.795439,-47.93577,14.5
40.0,156.2681,156.032,0.2360593,0.812016,-36.17649,14.5
42.0,133.4561,133.22,0.2360593,0.835666,-26.24418,14.5
44.0,116.2651,116.029,0.2360593,0.868987,-17.52872,14.5
46.0,103.2201,102.984,0.2360593,0.91291,-9.847019,14.5
48.0,93.07836,92.8423,0.2360593,0.966372,-3.238954,14.5
50.0,84.82576,84.5897,0.2360593,1.02626,2.17053,14.5
52.0,77.67626,77.4402,0.2360593,1.08763,6.258352,14.5
54.0,71.05906,70.823,0.2360593,1.14421,8.955897,14.5
56.0,64.59826,64.3622,0.2360593,1.18909,10.27247,14.5
58.0,58.08676,57.8507,0.2360593,1.21545,10.29643,14.5
60.0,51.45516,51.2191,0.2360593,1.21747,9.191156,14.5
62.0,44.73976,44.5037,0.2360593,1.19096,7.17363,14.5
64.0,38.04976,37.8137,0.2360593,1.13405,4.497659,14.5
66.0,31.53856,31.3025,0.2360593,1.04751,1.430438,14.5
68.0,25.37666,25.1406,0.2360593,0.934904,-1.766941,14.5
70.0,19.73046,19.4944,0.2360593,0.802452,-4.857253,14.5
72.0,14.74536,14.5093,0.2360593,0.658667,-7.641308,14.5
74.0,10.53436,10.2983,0.2360593,0.513765,-9.969878,14.5
76.0,7.170889,6.93483,0.2360593,0.378921,-11.75361,14.5
78.0,4.685829,4.44977,0.2360593,0.265442,-12.9671,14.5
80.0,3.068769,2.83271,0.2360593,0.183915,-13.61703,14.5
82.0,2.271439,2.03538,0.2360593,0.143404,-13.568,14.5
84.0,2.213489,1.97743,0.2360593,0.150761,-12.46862,14.5
86.0,2.789519,2.55346,0.2360593,0.210091,-10.48815,14.5
88.0,3.876829,3.64077,0.2360593,0.322421,-8.147291,14.5
90.0,5.343199,5.10714,0.2360593,0.485582,-5.660501,14.5
92.0,7.054229,6.81817,0.2360593,0.694304,-3.105916,14.5
94.0,8.880039,8.64398,0.2360593,0.940522,-0.5615678,14.5
96.0,10.70086,10.4648,0.2360593,1.21386,1.885297,14.5
98.0,12.41126,12.1752,0.2360593,1.50225,4.149479,14.5
100.0,13.92396,13.6879,0.2360593,1.79266,6.156753,14.5
102.0,15.17106,14.935,0.2360593,2.07186,7.848625,14.5
104.0,16.10536,15.8693,0.2360593,2.32719,9.184842,14.5
106.0,16.70026,16.4642,0.2360593,2.54731,10.14422,14.5
108.0,16.94836,16.7123,0.2360593,2.72278,10.72371,14.5
110.0,16.85986,16.6238,0.2360593,2.84665,10.93716,14.5
112.0,16.46016,16.2241,0.2360593,2.91475,10.81297,14.5
114.0,15.78686,15.5508,0.2360593,2.92593,10.39136,14.5
116.0,14.88736,14.6513,0.2360593,2.88206,9.721832,14.5
118.0,13.81496,13.5789,0.2360593,2.78787,8.859577,14.5
120.0,12.62656,12.3905,0.2360593,2.65068,7.863043,14.5
122.0,11.37926,11.1432,0.2360593,2.47988,6.790626,14.5
124.0,10.1278,9.89174,0.2360593,2.28643,5.698274,14.5
126.0,8.922629,8.68657,0.2360593,2.08217,4.637374,14.5
128.0,7.807709,7.57165,0.2360593,1.87921,3.652926,14.5
130.0,6.819219,6.58316,0.2360593,1.6892,2.782267,14.5
132.0,5.984629,5.74857,0.2360593,1.52274,2.054458,14.5
134.0,5.322219,5.08616,0.2360593,1.3888,1.489976,14.5
136.0,4.841119,4.60506,0.2360593,1.29433,1.100868,14.5
138.0,4.541689,4.30563,0.2360593,1.24391,0.8905495,14.5
140.0,4.416369,4.18031,0.2360593,1.23964,0.8537468,14.5
142.0,4.450789,4.21473,0.2360593,1.28114,0.9767041,14.5
144.0,4.625109,4.38905,0.2360593,1.36565,1.238364,14.5
146.0,4.915549,4.67949,0.2360593,1.48843,1.613043,14.5
148.0,5.295949,5.05989,0.2360593,1.64306,2.072726,14.5
150.0,5.739369,5.50331,0.2360593,1.82198,2.589297,14.5
152.0,6.219509,5.98345,0.2360593,2.01703,3.136011,14.5
154.0,6.712009,6.47595,0.2360593,2.21995,3.688513,14.5
156.0,7.195509,6.95945,0.2360593,2.42291,4.225729,14.5
158.0,7.652419,7.41636,0.2360593,2.61892,4.730444,14.5
160.0,8.06938,7.83332,0.2360593,2.80218,5.1897,14.5
162.0,8.437429,8.20137,0.2360593,2.96832,5.594936,14.5
164.0,8.75184,8.51578,0.2360593,3.11444,5.941755,14.5
166.0,9.011689,8.77563,0.2360593,3.23911,6.229539,14.5
168.0,9.219259,8.9832,0.2360593,3.34221,6.460827,14.5
170.0,9.379139,9.14308,0.2360593,3.42464,6.640417,14.5
172.0,9.497399,9.26134,0.2360593,3.48804,6.774553,14.5
174.0,9.580579,9.34452,0.2360593,3.53443,6.869935,14.5
176.0,9.634859,9.3988,0.2360593,3.56581,6.932848,14.5
178.0,9.665239,9.42918,0.2360593,3.58389,6.968382,14.5
180.0,9.674999,9.43894,0.2360593,3.58978,6.979848,14.5
0.0,4.54003e+28,4.54003e+28,0.2345538,1.0,0.0,14.51
2.0,28595200.0,28595200.0,0.2345538,1.01033,292367.1,14.51
4.0,1787100.0,1787100.0,0.2345538,1.00965,17080.72,14.51
6.0,336858.2,336858.0,0.2345538,0.962476,-13133.07,14.51
8.0,97610.44,97610.2,0.2345538,0.880187,-13286.95,14.51
10.0,35693.63,35693.4,0.2345538,0.784356,-9813.297,14.51
12.0,15266.83,15266.6,0.2345538,0.694101,-6728.286,14.51
14.0,7411.284,7411.05,0.2345538,0.622584,-4492.788,14.51
16.0,4035.985,4035.75,0.2345538,0.576615,-2963.46,14.51
18.0,2444.465,2444.23,0.2345538,0.557458,-1940.556,14.51
20.0,1623.645,1623.41,0.2345538,0.562147,-1264.647,14.51
22.0,1159.025,1158.79,0.2345538,0.584978,-822.2886,14.51
24.0,870.0486,869.814,0.2345538,0.618988,-535.5499,14.51
26.0,674.2355,674.001,0.2345538,0.657283,-351.5563,14.51
28.0,532.3226,532.088,0.2345538,0.694103,-234.599,14.51
30.0,424.7975,424.563,0.2345538,0.725549,-160.6868,14.51
32.0,341.3766,341.142,0.2345538,0.74994,-113.8286,14.51
34.0,276.1416,275.907,0.2345538,0.767794,-83.51423,14.51
36.0,225.2656,225.031,0.2345538,0.781469,-62.99355,14.51
38.0,185.9376,185.703,0.2345538,0.794558,-48.07627,14.51
40.0,155.8796,155.645,0.2345538,0.811112,-36.30051,14.51
42.0,133.1396,132.905,0.2345538,0.834829,-26.34167,14.51
44.0,116.0145,115.78,0.2345538,0.868308,-17.59536,14.51
46.0,103.0295,102.795,0.2345538,0.912478,-9.882259,14.51
48.0,92.93885,92.7043,0.2345538,0.966257,-3.245555,14.51
50.0,84.72905,84.4945,0.2345538,1.02651,2.18816,14.51
52.0,77.61375,77.3792,0.2345538,1.08826,6.294632,14.51
54.0,71.02235,70.7878,0.2345538,1.14521,9.005474,14.51
56.0,64.58005,64.3455,0.2345538,1.19041,10.32979,14.51
58.0,58.08075,57.8462,0.2345538,1.21702,10.35701,14.51
60.0,51.45625,51.2217,0.2345538,1.2192,9.251321,14.51
62.0,44.74395,44.5094,0.2345538,1.19275,7.230681,14.51
64.0,38.05445,37.8199,0.2345538,1.13579,4.549621,14.51
66.0,31.54215,31.3076,0.2345538,1.04912,1.476809,14.51
68.0,25.37836,25.1438,0.2345538,0.936306,-1.726411,14.51
70.0,19.73026,19.4957,0.2345538,0.803607,-4.821866,14.51
72.0,14.74375,14.5092,0.2345538,0.659566,-7.609968,14.51
74.0,10.53215,10.2976,0.2345538,0.514431,-9.941251,14.51
76.0,7.168824,6.93427,0.2345538,0.379409,-11.72589,14.51
78.0,4.684824,4.45027,0.2345538,0.265836,-12.93816,14.51
80.0,3.069574,2.83502,0.2345538,0.184317,-13.5842,14.51
82.0,2.274584,2.04003,0.2345538,0.143929,-13.52893,14.51
84.0,2.219274,1.98472,0.2345538,0.151524,-12.42708,14.51
86.0,2.797984,2.56343,0.2345538,0.2112,-10.45005,14.51
88.0,3.887764,3.65321,0.2345538,0.323966,-8.112766,14.51
90.0,5.356164,5.12161,0.2345538,0.487625,-5.628023,14.51
92.0,7.068624,6.83407,0.2345538,0.696876,-3.074678,14.51
94.0,8.895134,8.66058,0.2345538,0.943618,-0.5314924,14.51
96.0,10.71585,10.4813,0.2345538,1.21744,1.913898,14.51
98.0,12.42535,12.1908,0.2345538,1.50623,4.176046,14.51
100.0,13.93635,13.7018,0.2345538,1.79694,6.18075,14.51
102.0,15.18105,14.9465,0.2345538,2.0763,7.869463,14.51
104.0,16.11255,15.878,0.2345538,2.33165,9.202189,14.51
106.0,16.70405,16.4695,0.2345538,2.55161,10.15758,14.51
108.0,16.94855,16.714,0.2345538,2.72678,10.73296,14.51
110.0,16.85625,16.6217,0.2345538,2.85019,10.94217,14.51
112.0,16.45285,16.2183,0.2345538,2.9177,10.81387,14.51
114.0,15.77605,15.5415,0.2345538,2.92819,10.38841,14.51
116.0,14.87335,14.6388,0.2345538,2.88355,9.715353,14.51
118.0,13.79825,13.5637,0.2345538,2.78856,8.85009,14.51
120.0,12.60765,12.3731,0.2345538,2.65057,7.851072,14.51
122.0,11.35855,11.124,0.2345538,2.47901,6.776663,14.51
124.0,10.10606,9.87151,0.2345538,2.28488,5.683046,14.51
126.0,8.900404,8.66585,0.2345538,2.08005,4.621466,14.51
128.0,7.785574,7.55102,0.2345538,1.87666,3.636941,14.51
130.0,6.797694,6.56314,0.2345538,1.68637,2.766732,14.51
132.0,5.964194,5.72964,0.2345538,1.5198,2.039865,14.51
134.0,5.303284,5.06873,0.2345538,1.38593,1.476767,14.51
136.0,4.823994,4.58944,0.2345538,1.2917,1.089385,14.51
138.0,4.526634,4.29208,0.2345538,1.24169,0.8810914,14.51
140.0,4.403534,4.16898,0.2345538,1.23798,0.8465023,14.51
142.0,4.440254,4.2057,0.2345538,1.28014,0.9716851,14.51
144.0,4.616864,4.38231,0.2345538,1.36543,1.235611,14.51
146.0,4.909534,4.67498,0.2345538,1.48903,1.612398,14.51
148.0,5.292034,5.05748,0.2345538,1.64452,2.074053,14.51
150.0,5.737384,5.50283,0.2345538,1.82432,2.59244,14.51
152.0,6.219234,5.98468,0.2345538,2.02021,3.140725,14.51
154.0,6.713224,6.47867,0.2345538,2.22393,3.694593,14.51
156.0,7.197974,6.96342,0.2345538,2.42761,4.232928,14.51
158.0,7.655894,7.42134,0.2345538,2.62427,4.738552,14.51
160.0,8.073634,7.83908,0.2345538,2.80808,5.19849,14.51
162.0,8.442254,8.2077,0.2345538,2.97468,5.604216,14.51
164.0,8.757044,8.52249,0.2345538,3.12117,5.951351,14.51
166.0,9.017144,8.78259,0.2345538,3.24612,6.239322,14.51
168.0,9.224814,8.99026,0.2345538,3.34942,6.470661,14.51
170.0,9.384725,9.15017,0.2345538,3.43199,6.65024,14.51
172.0,9.502954,9.2684,0.2345538,3.49548,6.784314,14.51
174.0,9.586074,9.35152,0.2345538,3.54193,6.879619,14.51
176.0,9.640294,9.40574,0.2345538,3.57334,6.942455,14.51
178.0,9.670645,9.43609,0.2345538,3.59142,6.977937,14.51
180.0,9.680374,9.44582,0.2345538,3.59732,6.989378,14.51
0.0,4.48463e+28,4.48463e+28,0.2213803,1.0,0.0,14.6
2.0,28247500.0,28247500.0,0.2213803,1.01037,289920.0,14.6
4.0,1764330.0,1764330.0,0.2213803,1.0091,15910.53,14.6
6.0,332268.2,332268.0,0.2213803,0.961089,-13452.32,14.6
8.0,96199.62,96199.4,0.2213803,0.878181,-13344.56,14.6
10.0,35158.82,35158.6,0.2213803,0.782147,-9792.858,14.6
12.0,15037.72,15037.5,0.2213803,0.692127,-6689.104,14.6
14.0,7304.551,7304.33,0.2213803,0.621199,-4454.243,14.6
16.0,3982.592,3982.37,0.2213803,0.576017,-2931.426,14.6
18.0,2415.501,2415.28,0.2213803,0.557659,-1916.001,14.6
20.0,1606.171,1605.95,0.2213803,0.562969,-1246.865,14.6
22.0,1147.021,1146.8,0.2213803,0.586079,-810.0892,14.6
24.0,860.7064,860.485,0.2213803,0.619914,-527.7223,14.6
26.0,666.2514,666.03,0.2213803,0.657533,-347.0079,14.6
28.0,525.1394,524.918,0.2213803,0.693209,-232.4091,14.6
30.0,418.2184,417.997,0.2213803,0.723152,-160.1087,14.6
32.0,335.3644,335.143,0.2213803,0.745856,-114.2725,14.6
34.0,270.7264,270.505,0.2213803,0.762059,-84.53009,14.6
36.0,220.4844,220.263,0.2213803,0.774361,-64.24635,14.6
38.0,181.8164,181.595,0.2213803,0.786581,-49.33131,14.6
40.0,152.4214,152.2,0.2213803,0.802957,-37.40371,14.6
42.0,130.3214,130.1,0.2213803,0.827305,-27.20381,14.6
44.0,113.7914,113.57,0.2213803,0.862261,-18.17722,14.6
46.0,101.3404,101.119,0.2213803,0.908692,-10.18298,14.6
48.0,91.71058,91.4892,0.2213803,0.965373,-3.289567,14.6
50.0,83.88298,83.6616,0.2213803,1.02894,2.359293,14.6
52.0,77.07118,76.8498,0.2213803,1.09416,6.632502,14.6
54.0,70.70908,70.4877,0.2213803,1.15444,9.459402,14.6
56.0,64.42958,64.2082,0.2213803,1.20254,10.85167,14.6
58.0,58.03648,57.8151,0.2213803,1.2314,10.906,14.6
60.0,51.47268,51.2513,0.2213803,1.23497,9.793383,14.6
62.0,44.78668,44.5653,0.2213803,1.209,7.742281,14.6
64.0,38.10008,37.8787,0.2213803,1.15161,5.015895,14.6
66.0,31.57648,31.3551,0.2213803,1.06369,1.890687,14.6
68.0,25.39528,25.1739,0.2213803,0.949006,-1.364592,14.6
70.0,19.72978,19.5084,0.2213803,0.814062,-4.506432,14.6
72.0,14.73018,14.5088,0.2213803,0.667696,-7.331028,14.6
74.0,10.51248,10.2911,0.2213803,0.52046,-9.685959,14.6
76.0,7.15121,6.92983,0.2213803,0.383851,-11.47896,14.6
78.0,4.67709,4.45571,0.2213803,0.269449,-12.68089,14.6
80.0,3.0784,2.85702,0.2213803,0.188042,-13.29241,14.6
82.0,2.3048,2.08342,0.2213803,0.148806,-13.18382,14.6
84.0,2.27344,2.05206,0.2213803,0.158601,-12.0609,14.6
86.0,2.87632,2.65494,0.2213803,0.221442,-10.11273,14.6
88.0,3.98823,3.76685,0.2213803,0.33817,-7.805336,14.6
90.0,5.47476,5.25338,0.2213803,0.506349,-5.337466,14.6
92.0,7.19978,6.9784,0.2213803,0.720383,-2.794598,14.6
94.0,9.03219,8.81081,0.2213803,0.971846,-0.2616594,14.6
96.0,10.85158,10.6302,0.2213803,1.24999,2.170247,14.6
98.0,12.55248,12.3311,0.2213803,1.54239,4.414149,14.6
100.0,14.04798,13.8266,0.2213803,1.8357,6.395325,14.6
102.0,15.27098,15.0496,0.2213803,2.11645,8.055605,14.6
104.0,16.17568,15.9543,0.2213803,2.3718,9.355679,14.6
106.0,16.73678,16.5154,0.2213803,2.59032,10.2755,14.6
108.0,16.94838,16.727,0.2213803,2.76261,10.81346,14.6
110.0,16.82238,16.601,0.2213803,2.88179,10.9849,14.6
112.0,16.38568,16.1643,0.2213803,2.94391,10.81972,14.6
114.0,15.67758,15.4562,0.2213803,2.94808,10.35968,14.6
116.0,14.74648,14.5251,0.2213803,2.89648,9.655307,14.6
118.0,13.64688,13.4255,0.2213803,2.79424,8.762948,14.6
120.0,12.43638,12.215,0.2213803,2.64904,7.741705,14.6
122.0,11.17268,10.9513,0.2213803,2.47066,6.650537,14.6
124.0,9.91076,9.68938,0.2213803,2.27042,5.545595,14.6
126.0,8.70107,8.47969,0.2213803,2.06051,4.478295,14.6
128.0,7.58734,7.36596,0.2213803,1.85328,3.493334,14.6
130.0,6.60532,6.38394,0.2213803,1.66059,2.627626,14.6
132.0,5.78188,5.5605,0.2213803,1.49316,1.909636,14.6
134.0,5.13461,4.91323,0.2213803,1.36001,1.359189,14.6
136.0,4.67181,4.45043,0.2213803,1.26805,0.9875624,14.6
138.0,4.39302,4.17164,0.2213803,1.22176,0.7973712,14.6
140.0,4.28984,4.06846,0.2213803,1.22305,0.7823464,14.6
142.0,4.34706,4.12568,0.2213803,1.2713,0.9276782,14.6
144.0,4.54411,4.32273,0.2213803,1.3635,1.211429,14.6
146.0,4.85653,4.63515,0.2213803,1.49459,1.607124,14.6
148.0,5.25761,5.03623,0.2213803,1.65784,2.086248,14.6
150.0,5.71993,5.49855,0.2213803,1.84542,2.620403,14.6
152.0,6.21687,5.99549,0.2213803,2.04886,3.182564,14.6
154.0,6.72388,6.5025,0.2213803,2.25968,3.748291,14.6
156.0,7.21949,6.99811,0.2213803,2.46985,4.296442,14.6
158.0,7.68614,7.46476,0.2213803,2.67223,4.809838,14.6
160.0,8.110591,7.88921,0.2213803,2.86095,5.275661,14.6
162.0,8.48407,8.26269,0.2213803,3.03161,5.685534,14.6
164.0,8.802111,8.58073,0.2213803,3.18132,6.0353,14.6
166.0,9.06411,8.84273,0.2213803,3.30872,6.324649,14.6
168.0,9.27264,9.05126,0.2213803,3.4138,6.556418,14.6
170.0,9.43266,9.21128,0.2213803,3.49759,6.735757,14.6
172.0,9.55053,9.32915,0.2213803,3.56186,6.869198,14.6
174.0,9.63309,9.41171,0.2213803,3.60876,6.963727,14.6
176.0,9.68674,9.46536,0.2213803,3.64041,7.025847,14.6
178.0,9.71667,9.49529,0.2213803,3.6586,7.060826,14.6
180.0,9.72626,9.50488,0.2213803,3.66453,7.072097,14.6
0.0,4.034e+28,4.034e+28,0.1302697,1.0,0.0,15.4
2.0,25414600.0,25414600.0,0.1302697,1.01059,266318.9,15.4
4.0,1578860.0,1578860.0,0.1302697,1.00389,6118.016,15.4
6.0,295031.1,295031.0,0.1302697,0.948712,-15949.59,15.4
8.0,84823.63,84823.5,0.1302697,0.860834,-13712.94,15.4
10.0,30877.83,30877.7,0.1302697,0.763648,-9556.81,15.4
12.0,13218.83,13218.7,0.1302697,0.676382,-6324.608,15.4
14.0,6465.01,6464.88,0.1302697,0.611227,-4112.092,15.4
16.0,3565.83,3565.7,0.1302697,0.573364,-2653.308,15.4
18.0,2190.09,2189.96,0.1302697,0.56212,-1706.036,15.4
20.0,1469.41,1469.28,0.1302697,0.572597,-1096.81,15.4
22.0,1051.73,1051.6,0.1302697,0.597462,-708.5997,15.4
24.0,785.0903,784.96,0.1302697,0.628676,-463.7092,15.4
26.0,600.5732,600.443,0.1302697,0.659004,-310.7615,15.4
28.0,465.4613,465.331,0.1302697,0.683167,-215.8674,15.4
30.0,363.3343,363.204,0.1302697,0.698553,-156.7899,15.4
32.0,285.2603,285.13,0.1302697,0.705439,-119.1125,15.4
34.0,225.7893,225.659,0.1302697,0.706736,-93.6925,15.4
36.0,181.1123,180.982,0.1302697,0.707338,-74.93545,15.4
38.0,148.2343,148.104,0.1302697,0.713178,-59.61605,15.4
40.0,124.6203,124.49,0.1302697,0.730138,-46.06017,15.4
42.0,108.0573,107.927,0.1302697,0.762977,-33.56858,15.4
44.0,96.62057,96.4903,0.1302697,0.814421,-22.01656,15.4
46.0,88.66977,88.5395,0.1302697,0.88453,-11.5753,15.4
48.0,82.85838,82.7281,0.1302697,0.970442,-2.523728,15.4
50.0,78.13187,78.0016,0.1302697,1.0665,4.87179,15.4
52.0,73.71747,73.5872,0.1302697,1.16475,10.42709,15.4
54.0,69.10147,68.9712,0.1302697,1.25579,14.07518,15.4
56.0,63.99697,63.8667,0.1302697,1.32977,15.87062,15.4
58.0,58.30547,58.1752,0.1302697,1.37748,15.97784,15.4
60.0,52.07507,51.9448,0.1302697,1.39151,14.65164,15.4
62.0,45.45797,45.3277,0.1302697,1.36705,12.20537,15.4
64.0,38.67137,38.5411,0.1302697,1.30264,8.984448,15.4
66.0,31.96147,31.8312,0.1302697,1.20047,5.337338,15.4
68.0,25.57427,25.444,0.1302697,1.06634,1.591046,15.4
70.0,19.73237,19.6021,0.1302697,0.909352,-1.967004,15.4
72.0,14.61847,14.4882,0.1302697,0.741227,-5.103518,15.4
74.0,10.36467,10.2344,0.1302697,0.575408,-7.648063,15.4
76.0,7.04848,6.91821,0.1302697,0.426015,-9.496666,15.4
78.0,4.692949,4.56268,0.1302697,0.30674,-10.60649,15.4
80.0,3.27062,3.14035,0.1302697,0.229779,-10.96314,15.4
82.0,2.71058,2.58031,0.1302697,0.204883,-10.51931,15.4
84.0,2.90726,2.77699,0.1302697,0.238606,-9.277093,15.4
86.0,3.73012,3.59985,0.1302697,0.333796,-7.444728,15.4
88.0,5.033549,4.90328,0.1302697,0.489367,-5.252287,15.4
90.0,6.66618,6.53591,0.1302697,0.70034,-2.852311,15.4
92.0,8.47941,8.34914,0.1302697,0.958167,-0.3702054,15.4
94.0,10.33447,10.2042,0.1302697,1.25127,2.075285,15.4
96.0,12.10817,11.9779,0.1302697,1.56581,4.375322,15.4
98.0,13.69707,13.5668,0.1302697,1.88651,6.436536,15.4
100.0,15.01977,14.8895,0.1302697,2.19765,8.185301,15.4
102.0,16.01857,15.8883,0.1302697,2.48399,9.569844,15.4
104.0,16.65897,16.5287,0.1302697,2.73168,10.56054,15.4
106.0,16.92867,16.7984,0.1302697,2.92904,11.14907,15.4
108.0,16.83567,16.7054,0.1302697,3.06725,11.34682,15.4
110.0,16.40517,16.2749,0.1302697,3.14079,11.18191,15.4
112.0,15.67677,15.5465,0.1302697,3.1477,10.69638,15.4
114.0,14.70107,14.5708,0.1302697,3.08967,9.942934,15.4
116.0,13.53567,13.4054,0.1302697,2.97184,8.981027,15.4
118.0,12.24237,12.1121,0.1302697,2.8025,7.873995,15.4
120.0,10.88367,10.7534,0.1302697,2.59256,6.68563,15.4
122.0,9.5196,9.38933,0.1302697,2.35491,5.477152,15.4
124.0,8.20577,8.0755,0.1302697,2.10364,4.305022,15.4
126.0,6.990819,6.86055,0.1302697,1.8533,3.218726,15.4
128.0,5.91505,5.78478,0.1302697,1.61804,2.259362,15.4
130.0,5.009349,4.87908,0.1302697,1.41093,1.458961,15.4
132.0,4.29467,4.1644,0.1302697,1.24319,0.8401135,15.4
134.0,3.78192,3.65165,0.1302697,1.12371,0.4163543,15.4
136.0,3.47242,3.34215,0.1302697,1.05865,0.1923748,15.4
138.0,3.35873,3.22846,0.1302697,1.05115,0.1634389,15.4
140.0,3.42571,3.29544,0.1302697,1.10134,0.3152174,15.4
142.0,3.65203,3.52176,0.1302697,1.20643,0.624892,15.4
144.0,4.01168,3.88141,0.1302697,1.36106,1.064212,15.4
146.0,4.475709,4.34544,0.1302697,1.55769,1.60241,15.4
148.0,5.01386,4.88359,0.1302697,1.78718,2.208401,15.4
150.0,5.59624,5.46597,0.1302697,2.03942,2.852205,15.4
152.0,6.194729,6.06446,0.1302697,2.30394,3.505975,15.4
154.0,6.78421,6.65394,0.1302697,2.57062,4.145076,15.4
156.0,7.34357,7.2133,0.1302697,2.83019,4.748843,15.4
158.0,7.856309,7.72604,0.1302697,3.07473,5.301188,15.4
160.0,8.31087,8.1806,0.1302697,3.29803,5.79092,15.4
162.0,8.70063,8.57036,0.1302697,3.49576,6.211721,15.4
164.0,9.02359,8.89332,0.1302697,3.66554,6.561854,15.4
166.0,9.28177,9.1515,0.1302697,3.80678,6.843549,15.4
168.0,9.48042,9.35015,0.1302697,3.92048,7.062242,15.4
170.0,9.62706,9.49679,0.1302697,4.00882,7.22559,15.4
172.0,9.73042,9.60015,0.1302697,4.07478,7.342458,15.4
174.0,9.7994,9.66913,0.1302697,4.12162,7.42184,15.4
176.0,9.8421,9.71183,0.1302697,4.15246,7.471915,15.4
178.0,9.86495,9.73468,0.1302697,4.16985,7.499169,15.4
180.0,9.8721,9.74183,0.1302697,4.17545,7.50778,15.4
0.0,3.94705e+28,3.94705e+28,0.1166539,1.0,0.0,15.57
2.0,24867100.0,24867100.0,0.1166539,1.0106,260826.2,15.57
4.0,1543030.0,1543030.0,0.1166539,1.00272,4185.635,15.57
6.0,287870.1,287870.0,0.1166539,0.946076,-16407.89,15.57
8.0,82650.82,82650.7,0.1166539,0.85726,-13761.96,15.57
10.0,30066.92,30066.8,0.1166539,0.759973,-9496.221,15.57
12.0,12877.62,12877.5,0.1166539,0.673435,-6244.669,15.57
14.0,6309.077,6308.96,0.1166539,0.609624,-4040.051,15.57
16.0,3489.097,3488.98,0.1166539,0.573385,-2595.989,15.57
18.0,2148.717,2148.6,0.1166539,0.563652,-1663.417,15.57
20.0,1444.127,1444.01,0.1166539,0.575145,-1066.765,15.57
22.0,1033.797,1033.68,0.1166539,0.600216,-688.5779,15.57
24.0,770.5496,770.433,0.1166539,0.630633,-451.3174,15.57
26.0,587.7256,587.609,0.1166539,0.659124,-303.9512,15.57
28.0,453.6717,453.555,0.1166539,0.680545,-212.9583,15.57
30.0,352.4567,352.34,0.1166539,0.692585,-156.4436,15.57
32.0,275.3487,275.232,0.1166539,0.69595,-120.2957,15.57
34.0,216.9527,216.836,0.1166539,0.694062,-95.63132,15.57
36.0,173.4427,173.326,0.1166539,0.692338,-77.07466,15.57
38.0,141.7767,141.66,0.1166539,0.697176,-61.58184,15.57
40.0,119.3647,119.248,0.1166539,0.714799,-47.62586,15.57
42.0,103.9407,103.824,0.1166539,0.750134,-34.62213,15.57
44.0,93.53616,93.4195,0.1166539,0.805871,-22.53224,15.57
46.0,86.48315,86.3665,0.1166539,0.881827,-11.58954,15.57
48.0,81.41766,81.301,0.1166539,0.974709,-2.112561,15.57
50.0,77.28115,77.1645,0.1166539,1.07829,5.61105,15.57
52.0,73.30715,73.1905,0.1166539,1.18399,11.3918,15.57
54.0,68.99586,68.8792,0.1166539,1.28174,15.16602,15.57
56.0,64.08045,63.9638,0.1166539,1.36112,17.00124,15.57
58.0,58.48505,58.3684,0.1166539,1.4125,17.07971,15.57
60.0,52.28156,52.1649,0.1166539,1.42818,15.67444,15.57
62.0,45.64485,45.5282,0.1166539,1.40334,13.11898,15.57
64.0,38.81215,38.6955,0.1166539,1.33667,9.775704,15.57
66.0,32.04686,31.9302,0.1166539,1.23073,6.007957,15.57
68.0,25.60775,25.4911,0.1166539,1.09185,2.154209,15.57
70.0,19.72665,19.61,0.1166539,0.929756,-1.490369,15.57
72.0,14.59125,14.4746,0.1166539,0.756846,-4.687772,15.57
74.0,10.33575,10.2191,0.1166539,0.587206,-7.265827,15.57
76.0,7.036714,6.92006,0.1166539,0.435515,-9.120513,15.57
78.0,4.714084,4.59743,0.1166539,0.315884,-10.20938,15.57
80.0,3.335994,3.21934,0.1166539,0.240748,-10.52079,15.57
82.0,2.826384,2.70973,0.1166539,0.219899,-10.02672,15.57
84.0,3.074344,2.95769,0.1166539,0.25973,-8.762347,15.57
86.0,3.944334,3.82768,0.1166539,0.362739,-6.929418,15.57
88.0,5.286434,5.16978,0.1166539,0.52733,-4.738473,15.57
90.0,6.945954,6.8293,0.1166539,0.747897,-2.34136,15.57
92.0,8.772044,8.65539,0.1166539,1.01519,0.1312537,15.57
94.0,10.62485,10.5082,0.1166539,1.31693,2.556958,15.57
96.0,12.38115,12.2645,0.1166539,1.63859,4.825173,15.57
98.0,13.93845,13.8218,0.1166539,1.96431,6.842602,15.57
100.0,15.21725,15.1006,0.1166539,2.27791,8.536896,15.57
102.0,16.16215,16.0455,0.1166539,2.56383,9.858243,15.57
104.0,16.74145,16.6248,0.1166539,2.80809,10.77959,15.57
106.0,16.94605,16.8294,0.1166539,2.99909,11.29565,15.57
108.0,16.78685,16.6702,0.1166539,3.12822,11.42059,15.57
110.0,16.29205,16.1754,0.1166539,3.19036,11.1854,15.57
112.0,15.50395,15.3873,0.1166539,3.18408,10.63474,15.57
114.0,14.47505,14.3584,0.1166539,3.11169,9.823223,15.57
116.0,13.26495,13.1483,0.1166539,2.97905,8.812208,15.57
118.0,11.93665,11.82,0.1166539,2.79516,7.666182,15.57
120.0,10.55335,10.4367,0.1166539,2.57164,6.44961,15.57
122.0,9.175204,9.05855,0.1166539,2.322,5.223781,15.57
124.0,7.857544,7.74089,0.1166539,2.0609,4.044868,15.57
126.0,6.648274,6.53162,0.1166539,1.80331,2.961568,15.57
128.0,5.586664,5.47001,0.1166539,1.5637,2.013942,15.57
130.0,4.702264,4.58561,0.1166539,1.35527,1.23265,15.57
132.0,4.014514,3.89786,0.1166539,1.18925,0.6388453,15.57
134.0,3.532764,3.41611,0.1166539,1.07439,0.2446062,15.57
136.0,3.256744,3.14009,0.1166539,1.01656,0.05305297,15.57
138.0,3.177464,3.06081,0.1166539,1.01852,0.05777656,15.57
140.0,3.278414,3.16176,0.1166539,1.07993,0.2426486,15.57
142.0,3.537024,3.42037,0.1166539,1.19751,0.5833752,15.57
144.0,3.926294,3.80964,0.1166539,1.36532,1.050562,15.57
146.0,4.416484,4.29983,0.1166539,1.5753,1.612901,15.57
148.0,4.976834,4.86018,0.1166539,1.8178,2.239,15.57
150.0,5.577144,5.46049,0.1166539,2.08225,2.898722,15.57
152.0,6.189204,6.07255,0.1166539,2.35784,3.564257,15.57
154.0,6.788064,6.67141,0.1166539,2.63414,4.211107,15.57
156.0,7.352874,7.23622,0.1166539,2.90172,4.818903,15.57
158.0,7.867584,7.75093,0.1166539,3.15258,5.371982,15.57
160.0,8.321144,8.20449,0.1166539,3.38052,5.859646,15.57
162.0,8.707544,8.59089,0.1166539,3.58132,6.276166,15.57
164.0,9.025384,8.90873,0.1166539,3.75278,6.620398,15.57
166.0,9.277334,9.16068,0.1166539,3.89454,6.895196,15.57
168.0,9.469234,9.35258,0.1166539,4.00788,7.106581,15.57
170.0,9.609144,9.49249,0.1166539,4.09527,7.262743,15.57
172.0,9.706294,9.58964,0.1166539,4.15998,7.373039,15.57
174.0,9.770015,9.65336,0.1166539,4.20554,7.446885,15.57
176.0,9.808704,9.69205,0.1166539,4.23529,7.492758,15.57
178.0,9.829064,9.71241,0.1166539,4.25195,7.517404,15.57
180.0,9.835355,9.7187,0.1166539,4.2573,7.525121,15.57
0.0,3.90711e+28,3.90711e+28,0.1106302,1.0,0.0,15.65
2.0,24615400.0,24615400.0,0.1106302,1.0106,258186.2,15.65
4.0,1526560.0,1526560.0,0.1106302,1.00216,3290.201,15.65
6.0,284584.1,284584.0,0.1106302,0.944836,-16615.35,15.65
8.0,81655.21,81655.1,0.1106302,0.855591,-13781.99,15.65
10.0,29696.01,29695.9,0.1106302,0.758273,-9466.681,15.65
12.0,12721.91,12721.8,0.1106302,0.672095,-6206.828,15.65
14.0,6238.111,6238.0,0.1106302,0.60893,-4006.27,15.65
16.0,3454.25,3454.14,0.1106302,0.573463,-2569.242,15.65
18.0,2129.941,2129.83,0.1106302,0.564441,-1643.599,15.65
20.0,1432.631,1432.52,0.1106302,0.576402,-1052.841,15.65
22.0,1025.601,1025.49,0.1106302,0.60155,-679.3293,15.65
24.0,763.8727,763.762,0.1106302,0.631563,-445.6229,15.65
26.0,581.8016,581.691,0.1106302,0.659156,-300.8447,15.65
28.0,448.2236,448.113,0.1106302,0.679253,-211.6537,15.65
30.0,347.4276,347.317,0.1106302,0.68969,-156.317,15.65
32.0,270.7696,270.659,0.1106302,0.691382,-120.8657,15.65
34.0,212.8766,212.766,0.1106302,0.687997,-96.53844,15.65
36.0,169.9136,169.803,0.1106302,0.685203,-78.06197,15.65
38.0,138.8166,138.706,0.1106302,0.689615,-62.4792,15.65
40.0,116.9666,116.856,0.1106302,0.70762,-48.32919,15.65
42.0,102.0726,101.962,0.1106302,0.744216,-35.08194,15.65
44.0,92.14854,92.0379,0.1106302,0.802069,-22.74,15.65
46.0,85.51064,85.4,0.1106302,0.880872,-11.56434,15.65
48.0,80.78803,80.6774,0.1106302,0.977121,-1.89163,15.65
50.0,76.92094,76.8103,0.1106302,1.08431,5.980953,15.65
52.0,73.14574,73.0351,0.1106302,1.19355,11.86156,15.65
54.0,68.97003,68.8594,0.1106302,1.29447,15.68951,15.65
56.0,64.13654,64.0259,0.1106302,1.37637,17.53821,15.65
58.0,58.58043,58.4698,0.1106302,1.42942,17.59847,15.65
60.0,52.38473,52.2741,0.1106302,1.44581,16.15263,15.65
62.0,45.73513,45.6245,0.1106302,1.42069,13.54293,15.65
64.0,38.87833,38.7677,0.1106302,1.35286,10.14045,15.65
66.0,32.08543,31.9748,0.1106302,1.24505,6.315034,15.65
68.0,25.62143,25.5108,0.1106302,1.10386,2.41067,15.65
70.0,19.72203,19.6114,0.1106302,0.939327,-1.273885,15.65
72.0,14.57723,14.4666,0.1106302,0.764159,-4.498943,15.65
74.0,10.32183,10.2112,0.1106302,0.592752,-7.091575,15.65
76.0,7.0319,6.92127,0.1106302,0.440044,-8.948092,15.65
78.0,4.72573,4.6151,0.1106302,0.32034,-10.0265,15.65
80.0,3.36926,3.25863,0.1106302,0.246178,-10.31702,15.65
82.0,2.88393,2.7733,0.1106302,0.227358,-9.800604,15.65
84.0,3.15625,3.04562,0.1106302,0.270186,-8.525517,15.65
86.0,4.04834,3.93771,0.1106302,0.376982,-6.690475,15.65
88.0,5.40828,5.29765,0.1106302,0.545897,-4.498864,15.65
90.0,7.07984,6.96921,0.1106302,0.771022,-2.102569,15.65
92.0,8.9112,8.80057,0.1106302,1.04277,0.3655,15.65
94.0,10.76203,10.6514,0.1106302,1.34853,2.781466,15.65
96.0,12.50923,12.3986,0.1106302,1.67344,5.03407,15.65
98.0,14.05083,13.9402,0.1106302,2.00139,7.030294,15.65
100.0,15.30813,15.1975,0.1106302,2.31596,8.698288,15.65
102.0,16.22703,16.1164,0.1106302,2.60149,9.989439,15.65
104.0,16.77723,16.6666,0.1106302,2.84393,10.87792,15.65
106.0,16.95103,16.8404,0.1106302,3.03172,11.35981,15.65
108.0,16.76063,16.65,0.1106302,3.15637,11.45053,15.65
110.0,16.23583,16.1252,0.1106302,3.21296,11.1826,15.65
112.0,15.41993,15.3093,0.1106302,3.20033,10.6017,15.65
114.0,14.36663,14.256,0.1106302,3.12109,9.763549,15.65
116.0,13.13633,13.0257,0.1106302,2.98144,8.730294,15.65
118.0,11.79243,11.6818,0.1106302,2.79071,7.566828,15.65
120.0,10.39833,10.2877,0.1106302,2.56085,6.33783,15.65
122.0,9.01451,8.90388,0.1106302,2.30568,5.104813,15.65
124.0,7.6959,7.58527,0.1106302,2.04011,3.923603,15.65
126.0,6.4901,6.37947,0.1106302,1.77931,2.842563,15.65
128.0,5.43583,5.3252,0.1106302,1.53787,1.901181,15.65
130.0,4.56199,4.45136,0.1106302,1.32904,1.129445,15.65
132.0,3.8873,3.77667,0.1106302,1.16405,0.5478386,15.65
134.0,3.42034,3.30971,0.1106302,1.05157,0.167737,15.65
136.0,3.16009,3.04946,0.1106302,0.997308,-0.008529892,15.65
138.0,3.09684,2.98621,0.1106302,1.00385,0.01187701,15.65
140.0,3.21343,3.1028,0.1106302,1.07063,0.2119915,15.65
142.0,3.48673,3.3761,0.1106302,1.19409,0.5667407,15.65
144.0,3.88928,3.77865,0.1106302,1.36806,1.046364,15.65
146.0,4.391,4.28037,0.1106302,1.5842,1.619254,15.65
148.0,4.96092,4.85029,0.1106302,1.83264,2.25394,15.65
150.0,5.5687,5.45807,0.1106302,2.1026,2.920217,15.65
152.0,6.18616,6.07553,0.1106302,2.38311,3.590325,15.65
154.0,6.78841,6.67778,0.1106302,2.66361,4.239835,15.65
156.0,7.35478,7.24415,0.1106302,2.93459,4.848543,15.65
158.0,7.86943,7.7588,0.1106302,3.18804,5.401008,15.65
160.0,8.3216,8.21097,0.1106302,3.41777,5.886796,15.65
162.0,8.70555,8.59492,0.1106302,3.61963,6.300456,15.65
164.0,9.02021,8.90958,0.1106302,3.7915,6.64115,15.65
166.0,9.26853,9.1579,0.1106302,3.93316,6.91202,15.65
168.0,9.45664,9.34601,0.1106302,4.04601,7.119364,15.65
170.0,9.59288,9.48225,0.1106302,4.13267,7.271649,15.65
172.0,9.6867,9.57607,0.1106302,4.19656,7.378452,15.65
174.0,9.74762,9.63699,0.1106302,4.24133,7.449374,15.65
176.0,9.7842,9.67357,0.1106302,4.27042,7.493043,15.65
178.0,9.80324,9.69261,0.1106302,4.28666,7.516322,15.65
180.0,9.80909,9.69846,0.1106302,4.29186,7.52358,15.65
0.0,3.75329e+28,3.75329e+28,0.08818469,1.0,0.0,15.97
2.0,23645500.0,23645500.0,0.08818469,1.01057,247319.7,15.97
4.0,1463130.0,1463130.0,0.08818469,0.999887,-165.3489,15.97
6.0,271944.1,271944.0,0.08818469,0.939875,-17396.61,15.97
8.0,77836.19,77836.1,0.08818469,0.849,-13843.66,15.97
10.0,28278.09,28278.0,0.08818469,0.75166,-9342.763,15.97
12.0,12128.69,12128.6,0.08818469,0.66702,-6054.706,15.97
14.0,5968.829,5968.74,0.08818469,0.606524,-3872.215,15.97
16.0,3322.468,3322.38,0.08818469,0.574194,-2463.848,15.97
18.0,2059.018,2058.93,0.08818469,0.568013,-1565.931,15.97
20.0,1389.058,1388.97,0.08818469,0.581782,-998.5341,15.97
22.0,994.3182,994.23,0.08818469,0.607113,-643.4628,15.97
24.0,738.1592,738.071,0.08818469,0.635333,-423.6869,15.97
26.0,558.8492,558.761,0.08818469,0.659122,-289.0199,15.97
28.0,427.0482,426.96,0.08818469,0.673712,-206.8253,15.97
30.0,327.8662,327.778,0.08818469,0.677567,-156.0213,15.97
32.0,252.9822,252.894,0.08818469,0.672478,-123.2118,15.97
34.0,197.0912,197.003,0.08818469,0.663133,-100.121,15.97
36.0,156.3072,156.219,0.08818469,0.656223,-81.88499,15.97
38.0,127.4672,127.379,0.08818469,0.659255,-65.88316,15.97
40.0,107.8412,107.753,0.08818469,0.679237,-50.92694,15.97
42.0,95.03789,94.9497,0.08818469,0.721435,-36.69662,15.97
44.0,86.99179,86.9036,0.08818469,0.788363,-23.35305,15.97
46.0,81.96629,81.8781,0.08818469,0.879158,-11.26642,15.97
48.0,78.56359,78.4754,0.08818469,0.989403,-0.8414536,15.97
50.0,75.71959,75.6314,0.08818469,1.11143,7.591516,15.97
52.0,72.68719,72.599,0.08818469,1.23505,13.83354,15.97
54.0,69.00468,68.9165,0.08818469,1.34864,17.83856,15.97
56.0,64.45509,64.3669,0.08818469,1.44041,19.70735,15.97
58.0,59.01899,58.9308,0.08818469,1.49973,19.66591,15.97
60.0,52.82518,52.737,0.08818469,1.51838,18.03469,15.97
62.0,46.10238,46.0142,0.08818469,1.49154,15.19313,15.97
64.0,39.13488,39.0467,0.08818469,1.41844,11.5448,15.97
66.0,32.22438,32.1362,0.08818469,1.30262,7.486254,15.97
68.0,25.65868,25.5705,0.08818469,1.15179,3.38146,15.97
70.0,19.68828,19.6001,0.08818469,0.977262,-0.4580879,15.97
72.0,14.51098,14.4228,0.08818469,0.793068,-3.786292,15.97
74.0,10.26288,10.1747,0.08818469,0.614835,-6.42921,15.97
76.0,7.016275,6.92809,0.08818469,0.45853,-8.285396,15.97
78.0,4.782325,4.69414,0.08818469,0.33918,-9.317341,15.97
80.0,3.517375,3.42919,0.08818469,0.26968,-9.525397,15.97
82.0,3.132295,3.04411,0.08818469,0.259788,-8.924824,15.97
84.0,3.503185,3.415,0.08818469,0.315371,-7.604953,15.97
86.0,4.482735,4.39455,0.08818469,0.43796,-5.752754,15.97
88.0,5.911215,5.82303,0.08818469,0.624627,-3.552377,15.97
90.0,7.626675,7.53849,0.08818469,0.868183,-1.157965,15.97
92.0,9.473784,9.3856,0.08818469,1.15767,1.290292,15.97
94.0,11.31098,11.2228,0.08818469,1.4791,3.663777,15.97
96.0,13.01588,12.9277,0.08818469,1.81636,5.849968,15.97
98.0,14.48898,14.4008,0.08818469,2.15226,7.756999,15.97
100.0,15.65588,15.5677,0.08818469,2.46961,9.316468,15.97
102.0,16.46738,16.3792,0.08818469,2.75225,10.48414,15.97
104.0,16.89878,16.8106,0.08818469,2.98605,11.23954,15.97
106.0,16.94828,16.8601,0.08818469,3.15967,11.58434,15.97
108.0,16.63418,16.546,0.08818469,3.2652,11.5398,15.97
110.0,15.99128,15.9031,0.08818469,3.29858,11.14335,15.97
112.0,15.06788,14.9797,0.08818469,3.25976,10.44549,15.97
114.0,13.92138,13.8332,0.08818469,3.15265,9.505612,15.97
116.0,12.61518,12.527,0.08818469,2.98479,8.388695,15.97
118.0,11.21438,11.1262,0.08818469,2.76692,7.161364,15.97
120.0,9.783434,9.69525,0.08818469,2.51228,5.889189,15.97
122.0,8.382514,8.29433,0.08818469,2.23586,4.633391,15.97
124.0,7.065625,6.97744,0.08818469,1.95354,3.448793,15.97
126.0,5.878605,5.79042,0.08818469,1.6812,2.381933,15.97
128.0,4.857815,4.76963,0.08818469,1.43388,1.469934,15.97
130.0,4.029405,3.94122,0.08818469,1.22495,0.7399604,15.97
132.0,3.409055,3.32087,0.08818469,1.06551,0.2095965,15.97
134.0,3.002245,2.91406,0.08818469,0.963804,-0.1127503,15.97
136.0,2.804875,2.71669,0.08818469,0.92489,-0.2277829,15.97
138.0,2.804394,2.71621,0.08818469,0.95051,-0.1460159,15.97
140.0,2.981095,2.89291,0.08818469,1.03912,0.1122298,15.97
142.0,3.309685,3.2215,0.08818469,1.18611,0.5193157,15.97
144.0,3.761005,3.67282,0.08818469,1.38424,1.043987,15.97
146.0,4.303765,4.21558,0.08818469,1.62416,1.653924,15.97
148.0,4.906235,4.81805,0.08818469,1.89507,2.317288,15.97
150.0,5.537825,5.44964,0.08818469,2.18539,3.003803,15.97
152.0,6.170485,6.0823,0.08818469,2.48354,3.685933,15.97
154.0,6.779835,6.69165,0.08818469,2.77853,4.339755,15.97
156.0,7.346025,7.25784,0.08818469,3.06063,4.945857,15.97
158.0,7.854245,7.76606,0.08818469,3.3218,5.48979,15.97
160.0,8.294925,8.20674,0.08818469,3.55601,5.962276,15.97
162.0,8.663614,8.57543,0.08818469,3.75943,6.359112,15.97
164.0,8.960525,8.87234,0.08818469,3.93039,6.680719,15.97
166.0,9.189864,9.10168,0.08818469,4.06922,6.931479,15.97
168.0,9.358974,9.27079,0.08818469,4.17792,7.118871,15.97
170.0,9.477234,9.38905,0.08818469,4.25976,7.252406,15.97
172.0,9.555044,9.46686,0.08818469,4.31872,7.342573,15.97
174.0,9.602695,9.51451,0.08818469,4.35903,7.399751,15.97
176.0,9.629354,9.54117,0.08818469,4.3846,7.433178,15.97
178.0,9.642274,9.55409,0.08818469,4.39857,7.450136,15.97
180.0,9.646054,9.55787,0.08818469,4.40299,7.455258,15.97
0.0,3.73934e+28,3.73934e+28,0.08654413,1.0,0.0,16.0
2.0,23557500.0,23557500.0,0.08654413,1.01056,246169.0,16.0
4.0,1457380.0,1457380.0,0.08654413,0.99967,-481.0674,16.0
6.0,270799.1,270799.0,0.08654413,0.93941,-17465.99,16.0
8.0,77490.98,77490.9,0.08654413,0.848388,-13848.1,16.0
10.0,28150.29,28150.2,0.08654413,0.751055,-9330.703,16.0
12.0,12075.49,12075.4,0.08654413,0.666567,-6040.451,16.0
14.0,5944.716,5944.63,0.08654413,0.606328,-3859.74,16.0
16.0,3310.707,3310.62,0.08654413,0.574296,-2454.102,16.0
18.0,2052.697,2052.61,0.08654413,0.568382,-1558.777,16.0
20.0,1385.156,1385.07,0.08654413,0.582316,-993.5461,16.0
22.0,991.5015,991.415,0.08654413,0.607653,-640.1888,16.0
24.0,735.8286,735.742,0.08654413,0.63569,-421.6989,16.0
26.0,556.7576,556.671,0.08654413,0.659105,-287.96,16.0
28.0,425.1125,425.026,0.08654413,0.673163,-206.4025,16.0
30.0,326.0775,325.991,0.08654413,0.676387,-156.0097,16.0
32.0,251.3575,251.271,0.08654413,0.670655,-123.4366,16.0
34.0,195.6535,195.567,0.08654413,0.660755,-100.4525,16.0
36.0,155.0735,154.987,0.08654413,0.653474,-82.23284,16.0
38.0,126.4436,126.357,0.08654413,0.656403,-66.18742,16.0
40.0,107.0235,106.937,0.08654413,0.676608,-51.15303,16.0
42.0,94.41344,94.3269,0.08654413,0.719377,-36.82991,16.0
44.0,86.53995,86.4534,0.08654413,0.787205,-23.39324,16.0
46.0,81.66175,81.5752,0.08654413,0.879173,-11.22298,16.0
48.0,78.37835,78.2918,0.08654413,0.990771,-0.7300954,16.0
50.0,75.62595,75.5394,0.08654413,1.11422,7.752504,16.0
52.0,72.65885,72.5723,0.08654413,1.2392,14.02517,16.0
54.0,69.01865,68.9321,0.08654413,1.35398,18.044,16.0
56.0,64.49215,64.4056,0.08654413,1.44665,19.91181,16.0
58.0,59.06424,58.9777,0.08654413,1.50653,19.85876,16.0
60.0,52.86834,52.7818,0.08654413,1.52534,18.2083,16.0
62.0,46.13704,46.0505,0.08654413,1.49829,15.34391,16.0
64.0,39.15815,39.0716,0.08654413,1.42464,11.6718,16.0
66.0,32.23615,32.1496,0.08654413,1.30802,7.59115,16.0
68.0,25.66084,25.5743,0.08654413,1.15626,3.467874,16.0
70.0,19.68404,19.5975,0.08654413,0.980777,-0.3858032,16.0
72.0,14.50414,14.4176,0.08654413,0.795741,-3.723073,16.0
74.0,10.25734,10.1708,0.08654413,0.616892,-6.370112,16.0
76.0,7.015404,6.92886,0.08654413,0.460292,-8.2258,16.0
78.0,4.788764,4.70222,0.08654413,0.341031,-9.253256,16.0
80.0,3.532794,3.44625,0.08654413,0.272032,-9.453892,16.0
82.0,3.157344,3.0708,0.08654413,0.263044,-8.845758,16.0
84.0,3.537544,3.451,0.08654413,0.319884,-7.52129,16.0
86.0,4.525174,4.43863,0.08654413,0.444004,-5.666568,16.0
88.0,5.959824,5.87328,0.08654413,0.632367,-3.464804,16.0
90.0,7.679024,7.59248,0.08654413,0.877663,-1.070375,16.0
92.0,9.527154,9.44061,0.08654413,1.1688,1.375927,16.0
94.0,11.36254,11.276,0.08654413,1.49166,3.745162,16.0
96.0,13.06304,12.9765,0.08654413,1.83001,5.924808,16.0
98.0,14.52934,14.4428,0.08654413,2.16658,7.823225,16.0
100.0,15.68734,15.6008,0.08654413,2.48409,9.372217,16.0
102.0,16.48844,16.4019,0.08654413,2.76636,10.5281,16.0
104.0,16.90854,16.822,0.08654413,2.99924,11.27094,16.0
106.0,16.94644,16.8599,0.08654413,3.17142,11.60296,16.0
108.0,16.62084,16.5343,0.08654413,3.27506,11.54587,16.0
110.0,15.96714,15.8806,0.08654413,3.30619,11.13767,16.0
112.0,15.03394,14.9474,0.08654413,3.26487,10.42918,16.0
114.0,13.87914,13.7926,0.08654413,3.15511,9.480203,16.0
116.0,12.56614,12.4796,0.08654413,2.98461,8.35583,16.0
118.0,11.16064,11.0741,0.08654413,2.76422,7.123105,16.0
120.0,9.726664,9.64012,0.08654413,2.50731,5.847341,16.0
122.0,8.324624,8.23808,0.08654413,2.22898,4.5899,16.0
124.0,7.008344,6.9218,0.08654413,1.94519,3.405434,16.0
126.0,5.823474,5.73693,0.08654413,1.67189,2.340306,16.0
128.0,4.806154,4.71961,0.08654413,1.42413,1.431354,16.0
130.0,3.982244,3.8957,0.08654413,1.21532,0.7055398,16.0
132.0,3.367144,3.2806,0.08654413,1.05652,0.18013,16.0
134.0,2.966024,2.87948,0.08654413,0.955922,-0.1367645,16.0
136.0,2.774524,2.68798,0.08654413,0.918529,-0.2460928,16.0
138.0,2.779794,2.69325,0.08654413,0.945993,-0.1586992,16.0
140.0,2.961914,2.87537,0.08654413,1.03667,0.1047714,16.0
142.0,3.295384,3.20884,0.08654413,1.18586,0.5164861,16.0
144.0,3.750924,3.66438,0.08654413,1.38621,1.04504,16.0
146.0,4.297104,4.21056,0.08654413,1.62828,1.658059,16.0
148.0,4.902154,4.81561,0.08654413,1.90117,2.323661,16.0
150.0,5.535474,5.44893,0.08654413,2.19326,3.011617,16.0
152.0,6.169034,6.08249,0.08654413,2.49288,3.694372,16.0
154.0,6.778524,6.69198,0.08654413,2.78904,4.34811,16.0
156.0,7.344184,7.25764,0.08654413,3.07197,4.953476,16.0
158.0,7.851294,7.76475,0.08654413,3.33363,5.496115,16.0
160.0,8.290424,8.20388,0.08654413,3.56803,5.966895,16.0
162.0,8.657234,8.57069,0.08654413,3.77137,6.36172,16.0
164.0,8.952064,8.86552,0.08654413,3.94202,6.681131,16.0
166.0,9.179274,9.09273,0.08654413,4.08038,6.929661,16.0
168.0,9.346274,9.25973,0.08654413,4.18851,7.114867,16.0
170.0,9.462584,9.37604,0.08654413,4.26973,7.246382,16.0
172.0,9.538674,9.45213,0.08654413,4.32809,7.334775,16.0
174.0,9.584914,9.49837,0.08654413,4.36787,7.390501,16.0
176.0,9.610524,9.52398,0.08654413,4.39303,7.422849,16.0
178.0,9.622794,9.53625,0.08654413,4.40673,7.439136,16.0
180.0,9.626354,9.53981,0.08654413,4.41107,7.444036,16.0
0.0,3.62606e+28,3.62606e+28,0.07337108,1.0,0.0,16.25
2.0,22842500.0,22842500.0,0.07337108,1.0105,237353.6,16.25
4.0,1410640.0,1410640.0,0.07337108,0.99784,-3053.643,16.25
6.0,261513.1,261513.0,0.07337108,0.935535,-18020.09,16.25
8.0,74696.27,74696.2,0.07337108,0.843339,-13875.79,16.25
10.0,27117.77,27117.7,0.07337108,0.746108,-9227.867,16.25
12.0,11645.97,11645.9,0.07337108,0.662944,-5921.081,16.25
14.0,5750.973,5750.9,0.07337108,0.604892,-3756.465,16.25
16.0,3216.414,3216.34,0.07337108,0.57537,-2373.752,16.25
18.0,2002.023,2001.95,0.07337108,0.571673,-1500.02,16.25
20.0,1353.863,1353.79,0.07337108,0.586944,-952.768,16.25
22.0,968.7614,968.688,0.07337108,0.61227,-613.4839,16.25
24.0,716.8934,716.82,0.07337108,0.638689,-405.5518,16.25
26.0,539.6954,539.622,0.07337108,0.658879,-279.4162,16.25
28.0,409.2984,409.225,0.07337108,0.668385,-203.0708,16.25
30.0,311.4604,311.387,0.07337108,0.666268,-156.0097,16.25
32.0,238.0984,238.025,0.07337108,0.655145,-125.3301,16.25
34.0,183.9424,183.869,0.07337108,0.640641,-103.18,16.25
36.0,145.0524,144.979,0.07337108,0.630373,-85.05325,16.25
38.0,118.1654,118.092,0.07337108,0.632633,-68.61809,16.25
40.0,100.4524,100.379,0.07337108,0.654956,-52.92033,16.25
42.0,89.43387,89.3605,0.07337108,0.70279,-37.82159,16.25
44.0,82.97567,82.9023,0.07337108,0.778452,-23.61494,16.25
46.0,79.29737,79.224,0.07337108,0.880506,-10.76149,16.25
48.0,76.98037,76.907,0.07337108,1.00365,0.2799513,16.25
50.0,74.96117,74.8878,0.07337108,1.13912,9.154957,16.25
52.0,72.51027,72.4369,0.07337108,1.27553,15.6631,16.25
54.0,69.19597,69.1226,0.07337108,1.40014,19.77522,16.25
56.0,64.83907,64.7657,0.07337108,1.50019,21.6185,16.25
58.0,59.46167,59.3883,0.07337108,1.56441,21.45266,16.25
60.0,53.23357,53.1602,0.07337108,1.58427,19.63224,16.25
62.0,46.42117,46.3478,0.07337108,1.55507,16.56968,16.25
64.0,39.34117,39.2678,0.07337108,1.47652,12.69665,16.25
66.0,32.32057,32.2472,0.07337108,1.35298,8.432139,16.25
68.0,25.66567,25.5923,0.07337108,1.19322,4.156083,16.25
70.0,19.63817,19.5648,0.07337108,1.00973,0.1892378,16.25
72.0,14.44057,14.3672,0.07337108,0.81773,-3.218768,16.25
74.0,10.20857,10.1352,0.07337108,0.633939,-5.894824,16.25
76.0,7.009731,6.93636,0.07337108,0.475185,-7.741852,16.25
78.0,4.847481,4.77411,0.07337108,0.357061,-8.728578,16.25
80.0,3.668931,3.59556,0.07337108,0.292684,-8.866539,16.25
82.0,3.375181,3.30181,0.07337108,0.291667,-8.196855,16.25
84.0,3.833051,3.75968,0.07337108,0.359383,-6.832593,16.25
86.0,4.887081,4.81371,0.07337108,0.496565,-4.954694,16.25
88.0,6.371101,6.29773,0.07337108,0.699249,-2.740247,16.25
90.0,8.118701,8.04533,0.07337108,0.959062,-0.3465509,16.25
92.0,9.972121,9.89875,0.07337108,1.2638,2.081537,16.25
94.0,11.78937,11.716,0.07337108,1.59828,4.413084,16.25
96.0,13.44947,13.3761,0.07337108,1.9453,6.535642,16.25
98.0,14.85587,14.7825,0.07337108,2.28681,8.359541,16.25
100.0,15.93797,15.8646,0.07337108,2.60501,9.819772,16.25
102.0,16.65147,16.5781,0.07337108,2.88342,10.87657,16.25
104.0,16.97697,16.9036,0.07337108,3.10792,11.51449,16.25
106.0,16.91777,16.8444,0.07337108,3.26749,11.74017,16.25
108.0,16.49727,16.4239,0.07337108,3.35483,11.5798,16.25
110.0,15.75497,15.6816,0.07337108,3.36676,11.07541,16.25
112.0,14.74277,14.6694,0.07337108,3.30426,10.28102,16.25
114.0,13.52137,13.448,0.07337108,3.1724,9.25918,16.25
116.0,12.15617,12.0828,0.07337108,2.97997,8.076878,16.25
118.0,10.71357,10.6402,0.07337108,2.73891,6.801952,16.25
120.0,9.258391,9.18502,0.07337108,2.46357,5.500272,16.25
122.0,7.850261,7.77689,0.07337108,2.16993,4.232512,16.25
124.0,6.542001,6.46863,0.07337108,1.87463,3.052245,16.25
126.0,5.377611,5.30424,0.07337108,1.59408,2.004122,16.25
128.0,4.391181,4.31781,0.07337108,1.34359,1.122936,16.25
130.0,3.606241,3.53287,0.07337108,1.13656,0.4332971,16.25
132.0,3.035711,2.96234,0.07337108,0.983827,-0.04990358,16.25
134.0,2.682271,2.6089,0.07337108,0.893152,-0.3208807,16.25
136.0,2.539171,2.4658,0.07337108,0.868929,-0.3830135,16.25
138.0,2.591381,2.51801,0.07337108,0.912069,-0.2498305,16.25
140.0,2.817071,2.7437,0.07337108,1.0201,0.05550736,16.25
142.0,3.189191,3.11582,0.07337108,1.18745,0.5034435,16.25
144.0,3.677261,3.60389,0.07337108,1.40592,1.061706,16.25
146.0,4.249111,4.17574,0.07337108,1.66526,1.697491,16.25
148.0,4.872571,4.7992,0.07337108,1.95388,2.378778,16.25
150.0,5.517001,5.44363,0.07337108,2.25958,3.075396,16.25
152.0,6.154701,6.08133,0.07337108,2.57027,3.760127,16.25
154.0,6.761941,6.68857,0.07337108,2.8747,4.409716,16.25
156.0,7.319751,7.24638,0.07337108,3.16302,5.005586,16.25
158.0,7.814391,7.74102,0.07337108,3.42727,5.534328,16.25
160.0,8.237491,8.16412,0.07337108,3.66166,5.987831,16.25
162.0,8.585811,8.51244,0.07337108,3.86275,6.363091,16.25
164.0,8.860791,8.78742,0.07337108,4.02936,6.661735,16.25
166.0,9.067831,8.99446,0.07337108,4.16237,6.889305,16.25
168.0,9.215331,9.14196,0.07337108,4.26442,7.05435,16.25
170.0,9.313651,9.24028,0.07337108,4.33936,7.167332,16.25
172.0,9.374011,9.30064,0.07337108,4.39176,7.239557,16.25
174.0,9.407371,9.334,0.07337108,4.42638,7.282074,16.25
176.0,9.42347,9.3501,0.07337108,4.44755,7.30467,16.25
178.0,9.429891,9.35652,0.07337108,4.45874,7.314968,16.25
180.0,9.431471,9.3581,0.07337108,4.46222,7.317843,16.25
0.0,3.51788e+28,3.51788e+28,0.06184635,1.0,0.0,16.5
2.0,22159200.0,22159200.0,0.06184635,1.01042,228516.7,16.5
4.0,1365990.0,1365990.0,0.06184635,0.995971,-5525.769,16.5
6.0,252661.1,252661.0,0.06184635,0.931662,-18532.86,16.5
8.0,72040.36,72040.3,0.06184635,0.838364,-13889.33,16.5
10.0,26140.26,26140.2,0.06184635,0.741329,-9121.087,16.5
12.0,11241.26,11241.2,0.06184635,0.659583,-5801.722,16.5
14.0,5569.292,5569.23,0.06184635,0.603797,-3654.49,16.5
16.0,3128.372,3128.31,0.06184635,0.576831,-2295.005,16.5
18.0,1954.792,1954.73,0.06184635,0.575352,-1442.766,16.5
20.0,1324.552,1324.49,0.06184635,0.591899,-913.2487,16.5
22.0,947.2568,947.195,0.06184635,0.617096,-587.7666,16.5
24.0,698.8048,698.743,0.06184635,0.641728,-390.1376,16.5
26.0,523.2808,523.219,0.06184635,0.658496,-271.3797,16.5
28.0,394.0338,393.972,0.06184635,0.663259,-200.0536,16.5
30.0,297.3479,297.286,0.06184635,0.655658,-156.1628,16.5
32.0,225.3238,225.262,0.06184635,0.639084,-127.2493,16.5
34.0,172.7088,172.647,0.06184635,0.620037,-105.8372,16.5
36.0,135.4968,135.435,0.06184635,0.606983,-87.73319,16.5
38.0,110.3358,110.274,0.06184635,0.608918,-70.86399,16.5
40.0,94.30405,94.2422,0.06184635,0.633825,-54.48158,16.5
42.0,84.84274,84.7809,0.06184635,0.687277,-38.60492,16.5
44.0,79.75745,79.6956,0.06184635,0.771353,-23.64197,16.5
46.0,77.23074,77.1689,0.06184635,0.884039,-10.1305,16.5
48.0,75.82825,75.7664,0.06184635,1.01917,1.426287,16.5
50.0,74.49014,74.4283,0.06184635,1.16694,10.6564,16.5
52.0,72.50504,72.4432,0.06184635,1.31487,17.36267,16.5
54.0,69.47084,69.409,0.06184635,1.44917,21.53247,16.5
56.0,65.24404,65.1822,0.06184635,1.55626,23.32043,16.5
58.0,59.88485,59.823,0.06184635,1.62432,23.01721,16.5
60.0,53.60025,53.5384,0.06184635,1.64461,21.00878,16.5
62.0,46.69035,46.6285,0.06184635,1.6126,17.73689,16.5
64.0,39.49995,39.4381,0.06184635,1.52852,13.65799,16.5
66.0,32.37785,32.316,0.06184635,1.39756,9.210437,16.5
68.0,25.64525,25.5834,0.06184635,1.22948,4.786634,16.5
70.0,19.57235,19.5105,0.06184635,1.03789,0.714522,16.5
72.0,14.36455,14.3027,0.06184635,0.839091,-2.75463,16.5
74.0,10.15555,10.0937,0.06184635,0.650756,-5.450221,16.5
76.0,7.007426,6.94558,0.06184635,0.490449,-7.28035,16.5
78.0,4.915926,4.85408,0.06184635,0.374206,-8.221026,16.5
80.0,3.819206,3.75736,0.06184635,0.315261,-8.29522,16.5
82.0,3.609326,3.54748,0.06184635,0.323005,-7.564886,16.5
84.0,4.144716,4.08287,0.06184635,0.402278,-6.158399,16.5
86.0,5.262856,5.20101,0.06184635,0.553017,-4.25377,16.5
88.0,6.792216,6.73037,0.06184635,0.770267,-2.025786,16.5
90.0,8.562906,8.50106,0.06184635,1.04455,0.3652068,16.5
92.0,10.41565,10.3538,0.06184635,1.36255,2.771416,16.5
94.0,12.20855,12.1467,0.06184635,1.70799,5.060644,16.5
96.0,13.82255,13.7607,0.06184635,2.06277,7.121583,16.5
98.0,15.16405,15.1022,0.06184635,2.40811,8.866973,16.5
100.0,16.16645,16.1046,0.06184635,2.72574,10.23542,16.5
102.0,16.79005,16.7282,0.06184635,2.999,11.1915,16.5
104.0,17.02015,16.9583,0.06184635,3.21386,11.72429,16.5
106.0,16.86485,16.803,0.06184635,3.35969,11.84508,16.5
108.0,16.35195,16.2901,0.06184635,3.42982,11.58436,16.5
110.0,15.52475,15.4629,0.06184635,3.42188,10.98784,16.5
112.0,14.43845,14.3766,0.06184635,3.33787,10.1128,16.5
114.0,13.15605,13.0942,0.06184635,3.18392,9.024019,16.5
116.0,11.74465,11.6828,0.06184635,2.96992,7.790114,16.5
118.0,10.27145,10.2096,0.06184635,2.70888,6.479678,16.5
120.0,8.801177,8.73933,0.06184635,2.41611,5.158472,16.5
122.0,7.392796,7.33095,0.06184635,2.10841,3.886459,16.5
124.0,6.097756,6.03591,0.06184635,1.80301,2.71577,16.5
126.0,4.958226,4.89638,0.06184635,1.51675,1.689246,16.5
128.0,4.006076,3.94423,0.06184635,1.26509,0.8394428,16.5
130.0,3.262436,3.20059,0.06184635,1.06133,0.1885229,16.5
132.0,2.737666,2.67582,0.06184635,0.916,-0.2510524,16.5
134.0,2.431966,2.37012,0.06184635,0.836358,-0.4758391,16.5
136.0,2.336216,2.27437,0.06184635,0.826116,-0.4917354,16.5
138.0,2.433266,2.37142,0.06184635,0.885386,-0.3149885,16.5
140.0,2.699476,2.63763,0.06184635,1.01082,0.02889579,16.5
142.0,3.106376,3.04453,0.06184635,1.19596,0.5089849,16.5
144.0,3.622426,3.56058,0.06184635,1.43173,1.092322,16.5
146.0,4.214816,4.15297,0.06184635,1.70711,1.745839,16.5
148.0,4.851136,4.78929,0.06184635,2.00981,2.437407,16.5
150.0,5.500886,5.43904,0.06184635,2.32709,3.137039,16.5
152.0,6.136796,6.07495,0.06184635,2.64653,3.817988,16.5
154.0,6.735856,6.67401,0.06184635,2.95665,4.457651,16.5
156.0,7.280026,7.21818,0.06184635,3.2476,5.038363,16.5
158.0,7.756636,7.69479,0.06184635,3.51156,5.54775,16.5
160.0,8.158457,8.09661,0.06184635,3.74305,5.978829,16.5
162.0,8.483417,8.42157,0.06184635,3.93903,6.329734,16.5
164.0,8.734127,8.67228,0.06184635,4.09885,6.603254,16.5
166.0,8.917067,8.85522,0.06184635,4.22395,6.805994,16.5
168.0,9.041627,8.97978,0.06184635,4.31758,6.947484,16.5
170.0,9.119057,9.05721,0.06184635,4.38418,7.039066,16.5
172.0,9.161306,9.09946,0.06184635,4.4289,7.092778,16.5
174.0,9.179956,9.11811,0.06184635,4.45697,7.120271,16.5
176.0,9.185206,9.12336,0.06184635,4.47315,7.131797,16.5
178.0,9.184997,9.12315,0.06184635,4.48123,7.135337,16.5
180.0,9.184347,9.1225,0.06184635,4.48364,7.135934,16.5
0.0,3.48847e+28,3.48847e+28,0.05914199,1.0,0.0,16.57
2.0,21973200.0,21973200.0,0.05914199,1.01039,225954.2,16.57
4.0,1353850.0,1353850.0,0.05914199,0.995442,-6199.209,16.57
6.0,250256.1,250256.0,0.05914199,0.930577,-18669.63,16.57
8.0,71320.36,71320.3,0.05914199,0.836984,-13890.78,16.57
10.0,25875.86,25875.8,0.05914199,0.74002,-9090.575,16.57
12.0,11132.16,11132.1,0.05914199,0.658687,-5768.371,16.57
14.0,5520.449,5520.39,0.05914199,0.60355,-3626.182,16.57
16.0,3104.779,3104.72,0.05914199,0.577309,-2273.24,16.57
18.0,1942.139,1942.08,0.05914199,0.57645,-1426.998,16.57
20.0,1316.679,1316.62,0.05914199,0.593344,-902.4032,16.57
22.0,941.4462,941.387,0.05914199,0.618484,-580.7374,16.57
24.0,693.8851,693.826,0.05914199,0.642586,-385.9472,16.57
26.0,518.7961,518.737,0.05914199,0.658361,-269.2155,16.57
28.0,389.8551,389.796,0.05914199,0.661763,-199.2608,16.57
30.0,293.4851,293.426,0.05914199,0.652601,-156.2309,16.57
32.0,221.8331,221.774,0.05914199,0.634493,-127.7895,16.57
34.0,169.6471,169.588,0.05914199,0.614187,-106.567,16.57
36.0,132.9031,132.844,0.05914199,0.600392,-88.45747,16.57
38.0,108.2221,108.163,0.05914199,0.602299,-71.45963,16.57
40.0,92.65665,92.5975,0.05914199,0.628015,-54.88226,16.57
42.0,83.62495,83.5658,0.05914199,0.683139,-38.78783,16.57
44.0,78.91634,78.8572,0.05914199,0.769675,-23.61569,16.57
46.0,76.70324,76.6441,0.05914199,0.885432,-9.924797,16.57
48.0,75.54755,75.4884,0.05914199,1.02399,1.76993,16.57
50.0,74.39074,74.3316,0.05914199,1.17525,11.09294,16.57
52.0,72.52724,72.4681,0.05914199,1.32641,17.84789,16.57
54.0,69.56335,69.5042,0.05914199,1.4634,22.02792,16.57
56.0,65.36614,65.307,0.05914199,1.57239,23.79494,16.57
58.0,60.00644,59.9473,0.05914199,1.64142,23.4488,16.57
60.0,53.70204,53.6429,0.05914199,1.66171,21.3847,16.57
62.0,46.76214,46.703,0.05914199,1.62879,18.0524,16.57
64.0,39.53944,39.4803,0.05914199,1.54306,13.9154,16.57
66.0,32.38864,32.3295,0.05914199,1.40993,9.416832,16.57
68.0,25.63474,25.5756,0.05914199,1.23947,4.952724,16.57
70.0,19.55034,19.4912,0.05914199,1.0456,0.8526167,16.57
72.0,14.34114,14.282,0.05914199,0.844942,-2.63179,16.57
74.0,10.14014,10.081,0.05914199,0.655417,-5.331141,16.57
76.0,7.007642,6.9485,0.05914199,0.494792,-7.155161,16.57
78.0,4.937082,4.87794,0.05914199,0.379217,-8.082066,16.57
80.0,3.864042,3.8049,0.05914199,0.321941,-8.138288,16.57
82.0,3.677962,3.61882,0.05914199,0.332279,-7.390934,16.57
84.0,4.234952,4.17581,0.05914199,0.414905,-5.972087,16.57
86.0,5.370552,5.31141,0.05914199,0.569518,-4.059443,16.57
88.0,6.911802,6.85266,0.05914199,0.790876,-1.827624,16.57
90.0,8.687932,8.62879,0.05914199,1.06919,0.5622185,16.57
92.0,10.53924,10.4801,0.05914199,1.39081,2.961469,16.57
94.0,12.32424,12.2651,0.05914199,1.73919,5.238045,16.57
96.0,13.92434,13.8652,0.05914199,2.09596,7.280922,16.57
98.0,15.24684,15.1877,0.05914199,2.44216,9.003663,16.57
100.0,16.22634,16.1672,0.05914199,2.7594,10.34595,16.57
102.0,16.82434,16.7652,0.05914199,3.03098,11.27355,16.57
104.0,17.02764,16.9685,0.05914199,3.24293,11.77695,16.57
106.0,16.84574,16.7866,0.05914199,3.38472,11.86874,16.57
108.0,16.30744,16.2483,0.05914199,3.44988,11.58048,16.57
110.0,15.45724,15.3981,0.05914199,3.43629,10.95901,16.57
112.0,14.35114,14.292,0.05914199,3.34622,10.06238,16.57
114.0,13.05284,12.9937,0.05914199,3.18612,8.956059,16.57
116.0,11.62964,11.5705,0.05914199,2.96618,7.708895,16.57
118.0,10.14904,10.0899,0.05914199,2.6997,6.38972,16.57
120.0,8.675702,8.61656,0.05914199,2.40226,5.064227,16.57
122.0,7.268302,7.20916,0.05914199,2.09086,3.792076,16.57
124.0,5.977882,5.91874,0.05914199,1.78292,2.625021,16.57
126.0,4.846062,4.78692,0.05914199,1.49535,1.605308,16.57
128.0,3.904082,3.84494,0.05914199,1.24364,0.7648437,16.57
130.0,3.172362,3.11322,0.05914199,1.04106,0.1251198,16.57
132.0,2.660572,2.60143,0.05914199,0.898042,-0.3020644,16.57
134.0,2.368192,2.30905,0.05914199,0.821677,-0.5139525,16.57
136.0,2.285452,2.22631,0.05914199,0.815479,-0.5171365,16.57
138.0,2.394642,2.3355,0.05914199,0.879327,-0.3286248,16.57
140.0,2.671612,2.61247,0.05914199,1.00962,0.02545586,16.57
142.0,3.087532,3.02839,0.05914199,1.19965,0.5138381,16.57
144.0,3.610582,3.55144,0.05914199,1.4401,1.103407,16.57
146.0,4.207802,4.14866,0.05914199,1.71972,1.761007,16.57
148.0,4.846742,4.7876,0.05914199,2.02604,2.454518,16.57
150.0,5.496972,5.43783,0.05914199,2.3462,3.154047,16.57
152.0,6.131362,6.07222,0.05914199,2.66764,3.83294,16.57
154.0,6.727122,6.66798,0.05914199,2.97888,4.46885,16.57
156.0,7.266482,7.20734,0.05914199,3.27007,5.044364,16.57
158.0,7.737102,7.67796,0.05914199,3.53343,5.547416,16.57
160.0,8.132072,8.07293,0.05914199,3.76358,5.971344,16.57
162.0,8.449682,8.39054,0.05914199,3.95761,6.314635,16.57
164.0,8.692852,8.63371,0.05914199,4.11503,6.580388,16.57
166.0,8.868392,8.80925,0.05914199,4.23746,6.775537,16.57
168.0,8.985962,8.92682,0.05914199,4.32831,6.909872,16.57
170.0,9.057052,8.99791,0.05914199,4.3922,6.994976,16.57
172.0,9.093832,9.03469,0.05914199,4.43446,7.043113,16.57
174.0,9.108062,9.04892,0.05914199,4.46045,7.066102,16.57
176.0,9.110062,9.05092,0.05914199,4.47505,7.074316,16.57
178.0,9.107862,9.04872,0.05914199,4.48215,7.075833,16.57
180.0,9.106543,9.0474,0.05914199,4.48423,7.075749,16.57
0.0,3.20258e+28,3.20258e+28,0.03639464,1.0,0.0,17.3
2.0,20164100.0,20164100.0,0.03639464,1.00997,199050.8,17.3
4.0,1235800.0,1235800.0,0.03639464,0.989751,-12796.85,17.3
6.0,226956.0,226956.0,0.03639464,0.919269,-19931.48,17.3
8.0,64374.84,64374.8,0.03639464,0.822914,-13853.06,17.3
10.0,23340.34,23340.3,0.03639464,0.727093,-8760.56,17.3
12.0,10092.74,10092.7,0.03639464,0.6505,-5422.615,17.3
14.0,5059.146,5059.11,0.03639464,0.602492,-3337.889,17.3
16.0,2883.506,2883.47,0.03639464,0.584031,-2053.743,17.3
18.0,1823.786,1823.75,0.03639464,0.58965,-1269.212,17.3
20.0,1242.486,1242.45,0.03639464,0.609901,-794.707,17.3
22.0,885.8224,885.786,0.03639464,0.633903,-511.5876,17.3
24.0,646.0514,646.015,0.03639464,0.651714,-345.2598,17.3
26.0,474.7474,474.711,0.03639464,0.656266,-248.6596,17.3
28.0,348.6374,348.601,0.03639464,0.644656,-192.1741,17.3
30.0,255.4024,255.366,0.03639464,0.618651,-157.4352,17.3
32.0,187.5624,187.526,0.03639464,0.584402,-133.3851,17.3
34.0,139.8154,139.779,0.03639464,0.551419,-113.7402,17.3
36.0,107.8994,107.863,0.03639464,0.531007,-95.29829,17.3
38.0,88.14019,88.1038,0.03639464,0.534393,-76.79496,17.3
40.0,77.30599,77.2696,0.03639464,0.570839,-58.11922,17.3
42.0,72.58339,72.547,0.03639464,0.646003,-39.77428,17.3
44.0,71.59639,71.56,0.03639464,0.760799,-22.51045,17.3
46.0,72.42299,72.3866,0.03639464,0.910896,-7.084429,17.3
48.0,73.5976,73.5612,0.03639464,1.08693,5.886157,17.3
50.0,74.08999,74.0536,0.03639464,1.27537,15.99705,17.3
52.0,73.2664,73.23,0.03639464,1.46001,23.08428,17.3
54.0,70.83349,70.7971,0.03639464,1.62368,27.20821,17.3
56.0,66.77369,66.7373,0.03639464,1.75027,28.62318,17.3
58.0,61.2764,61.24,0.03639464,1.82649,27.72768,17.3
60.0,54.66999,54.6336,0.03639464,1.84348,25.01413,17.3
62.0,47.36029,47.3239,0.03639464,1.79778,21.01653,17.3
64.0,39.7769,39.7405,0.03639464,1.69188,16.26642,17.3
66.0,32.3301,32.2937,0.03639464,1.53409,11.25565,17.3
68.0,25.37939,25.343,0.03639464,1.33784,6.408969,17.3
70.0,19.21199,19.1756,0.03639464,1.1205,2.066082,17.3
72.0,14.03199,13.9956,0.03639464,0.901911,-1.526075,17.3
74.0,9.957775,9.92138,0.03639464,0.702623,-4.214511,17.3
76.0,7.026535,6.99014,0.03639464,0.542191,-5.932984,17.3
78.0,5.203525,5.16713,0.03639464,0.437557,-6.688695,17.3
80.0,4.394925,4.35853,0.03639464,0.401706,-6.545725,17.3
82.0,4.462435,4.42604,0.03639464,0.442675,-5.618177,17.3
84.0,5.238204,5.20181,0.03639464,0.562984,-4.066153,17.3
86.0,6.539135,6.50274,0.03639464,0.7595,-2.070654,17.3
88.0,8.179735,8.14334,0.03639464,1.02373,0.1896058,17.3
90.0,9.982945,9.94655,0.03639464,1.34249,2.546804,17.3
92.0,11.7887,11.7523,0.03639464,1.69886,4.849515,17.3
94.0,13.4601,13.4237,0.03639464,2.07338,6.968235,17.3
96.0,14.88739,14.851,0.03639464,2.44539,8.799453,17.3
98.0,15.99,15.9536,0.03639464,2.79432,10.26767,17.3
100.0,16.71619,16.6798,0.03639464,3.10102,11.32565,17.3
102.0,17.04219,17.0058,0.03639464,3.34892,11.95333,17.3
104.0,16.96909,16.9327,0.03639464,3.52495,12.1551,17.3
106.0,16.51989,16.4835,0.03639464,3.62027,11.95673,17.3
108.0,15.7352,15.6988,0.03639464,3.63073,11.4013,17.3
110.0,14.6692,14.6328,0.03639464,3.55699,10.54515,17.3
112.0,13.38519,13.3488,0.03639464,3.40438,9.453439,17.3
114.0,11.95189,11.9155,0.03639464,3.18255,8.196448,17.3
116.0,10.4388,10.4024,0.03639464,2.90477,6.845121,17.3
118.0,8.913425,8.87703,0.03639464,2.58719,5.46821,17.3
120.0,7.438284,7.40189,0.03639464,2.24783,4.129189,17.3
122.0,6.068244,6.03185,0.03639464,1.90557,2.883767,17.3
124.0,4.848925,4.81253,0.03639464,1.57911,1.778255,17.3
126.0,3.815505,3.77911,0.03639464,1.28591,0.8483415,17.3
128.0,2.992105,2.95571,0.03639464,1.04136,0.1188384,17.3
130.0,2.391705,2.35531,0.03639464,0.857923,-0.3960801,17.3
132.0,2.016575,1.98018,0.03639464,0.744602,-0.6916838,17.3
134.0,1.859215,1.82282,0.03639464,0.706554,-0.7721691,17.3
136.0,1.903485,1.86709,0.03639464,0.744949,-0.6517034,17.3
138.0,2.126204,2.08981,0.03639464,0.857061,-0.3546043,17.3
140.0,2.498815,2.46242,0.03639464,1.03658,0.08818094,17.3
142.0,2.989175,2.95278,0.03639464,1.27412,0.6431047,17.3
144.0,3.563415,3.52702,0.03639464,1.55787,1.276051,17.3
146.0,4.187675,4.15128,0.03639464,1.87441,1.953545,17.3
148.0,4.829725,4.79333,0.03639464,2.20954,2.643874,17.3
150.0,5.460355,5.42396,0.03639464,2.54912,3.3183,17.3
152.0,6.054524,6.01813,0.03639464,2.87989,3.952179,17.3
154.0,6.592215,6.55582,0.03639464,3.19022,4.525832,17.3
156.0,7.058945,7.02255,0.03639464,3.47065,5.025048,17.3
158.0,7.445935,7.40954,0.03639464,3.71429,5.441262,17.3
160.0,7.750015,7.71362,0.03639464,3.91708,5.771497,17.3
162.0,7.973185,7.93679,0.03639464,4.07777,6.017904,17.3
164.0,8.121935,8.08554,0.03639464,4.19777,6.187114,17.3
166.0,8.206345,8.16995,0.03639464,4.28075,6.28931,17.3
168.0,8.239035,8.20264,0.03639464,4.3322,6.337222,17.3
170.0,8.234065,8.19767,0.03639464,4.35879,6.344994,17.3
172.0,8.205775,8.16938,0.03639464,4.36767,6.327022,17.3
174.0,8.167635,8.13124,0.03639464,4.36589,6.296852,17.3
176.0,8.131295,8.0949,0.03639464,4.35964,6.266165,17.3
178.0,8.105725,8.06933,0.03639464,4.35382,6.243975,17.3
180.0,8.096555,8.06016,0.03639464,4.35153,6.235932,17.3
0.0,3.10574e+28,3.10574e+28,0.03022976,1.0,0.0,17.57
2.0,19550400.0,19550400.0,0.03022976,1.00976,188967.7,17.57
4.0,1195790.0,1195790.0,0.03022976,0.987572,-15048.21,17.57
6.0,219091.0,219091.0,0.03022976,0.915085,-20330.48,17.57
8.0,62043.93,62043.9,0.03022976,0.817849,-13818.4,17.57
10.0,22495.73,22495.7,0.03022976,0.722635,-8634.414,17.57
12.0,9749.811,9749.78,0.03022976,0.64799,-5296.426,17.57
14.0,4908.59,4908.56,0.03022976,0.602791,-3234.514,17.57
16.0,2812.02,2811.99,0.03022976,0.587314,-1975.913,17.57
18.0,1785.69,1785.66,0.03022976,0.595336,-1213.776,17.57
20.0,1218.36,1218.33,0.03022976,0.616711,-757.217,17.57
22.0,867.3552,867.325,0.03022976,0.640047,-487.7878,17.57
24.0,629.8462,629.816,0.03022976,0.655185,-331.4795,17.57
26.0,459.6353,459.605,0.03022976,0.655196,-241.888,17.57
28.0,334.4292,334.399,0.03022976,0.637676,-190.0209,17.57
30.0,242.2932,242.263,0.03022976,0.605211,-158.0518,17.57
32.0,175.8392,175.809,0.03022976,0.564973,-135.3955,17.57
34.0,129.7182,129.688,0.03022976,0.527563,-116.1637,17.57
36.0,99.56283,99.5326,0.03022976,0.505276,-97.48359,17.57
38.0,81.58223,81.552,0.03022976,0.510078,-78.35846,17.57
40.0,72.43603,72.4058,0.03022976,0.551587,-58.88692,17.57
42.0,69.22593,69.1957,0.03022976,0.635374,-39.72711,17.57
44.0,69.51793,69.4877,0.03022976,0.761804,-21.73642,17.57
46.0,71.36082,71.3306,0.03022976,0.925596,-5.736338,17.57
48.0,73.28463,73.2544,0.03022976,1.11615,7.626225,17.57
50.0,74.27643,74.2462,0.03022976,1.31856,17.94495,17.57
52.0,73.73443,73.7042,0.03022976,1.51528,25.07383,17.57
54.0,71.40742,71.3772,0.03022976,1.68803,29.1052,17.57
56.0,67.32403,67.2938,0.03022976,1.81989,30.33057,17.57
58.0,61.71913,61.6889,0.03022976,1.89725,29.1883,17.57
60.0,54.96253,54.9323,0.03022976,1.91136,26.20681,17.57
62.0,47.49473,47.4645,0.03022976,1.85935,21.951,17.57
64.0,39.77173,39.7415,0.03022976,1.74468,16.97573,17.57
66.0,32.22153,32.1913,0.03022976,1.57691,11.7882,17.57
68.0,25.21283,25.1826,0.03022976,1.37082,6.820314,17.57
70.0,19.03483,19.0046,0.03022976,1.14514,2.412558,17.57
72.0,13.88773,13.8575,0.03022976,0.920857,-1.193579,17.57
74.0,9.881559,9.85133,0.03022976,0.719417,-3.853951,17.57
76.0,7.0426,7.01237,0.03022976,0.560875,-5.513852,17.57
78.0,5.324059,5.29383,0.03022976,0.462265,-6.193272,17.57
80.0,4.620359,4.59013,0.03022976,0.436243,-5.970892,17.57
82.0,4.78269,4.75246,0.03022976,0.490144,-4.975033,17.57
84.0,5.634749,5.60452,0.03022976,0.625483,-3.373888,17.57
86.0,6.98747,6.95724,0.03022976,0.837923,-1.351566,17.57
88.0,8.65197,8.62174,0.03022976,1.11767,0.9108931,17.57
90.0,10.45033,10.4201,0.03022976,1.45025,3.244448,17.57
92.0,12.22373,12.1935,0.03022976,1.8176,5.498527,17.57
94.0,13.83853,13.8083,0.03022976,2.19929,7.546258,17.57
96.0,15.18953,15.1593,0.03022976,2.57398,9.288345,17.57
98.0,16.20143,16.1712,0.03022976,2.92075,10.65442,17.57
100.0,16.82833,16.7981,0.03022976,3.2204,11.60279,17.57
102.0,17.05223,17.022,0.03022976,3.45664,12.11905,17.57
104.0,16.87963,16.8494,0.03022976,3.61698,12.21285,17.57
106.0,16.33803,16.3078,0.03022976,3.69339,11.91444,17.57
108.0,15.47223,15.442,0.03022976,3.68271,11.27091,17.57
110.0,14.33913,14.3089,0.03022976,3.58671,10.34128,17.57
112.0,13.00403,12.9738,0.03022976,3.41191,9.192666,17.57
114.0,11.53633,11.5061,0.03022976,3.16905,7.896018,17.57
116.0,10.00592,9.97569,0.03022976,2.87249,6.522559,17.57
118.0,8.47938,8.44915,0.03022976,2.53927,5.140081,17.57
120.0,7.01768,6.98745,0.03022976,2.18814,3.810535,17.57
122.0,5.673699,5.64347,0.03022976,1.83847,2.587601,17.57
124.0,4.49065,4.46042,0.03022976,1.50921,1.515153,17.57
126.0,3.50106,3.47083,0.03022976,1.21784,0.6262486,17.57
128.0,2.72624,2.69601,0.03022976,0.97948,-0.05711429,17.57
130.0,2.17643,2.1462,0.03022976,0.806132,-0.5234131,17.57
132.0,1.85129,1.82106,0.03022976,0.706122,-0.7704806,17.57
134.0,1.74093,1.7107,0.03022976,0.683772,-0.8051379,17.57
136.0,1.82714,1.79691,0.03022976,0.739304,-0.6442926,17.57
138.0,2.08505,2.05482,0.03022976,0.868987,-0.3143529,17.57
140.0,2.4848,2.45457,0.03022976,1.0655,0.1527493,17.57
142.0,2.99342,2.96319,0.03022976,1.31848,0.7230632,17.57
144.0,3.57663,3.5464,0.03022976,1.61527,1.362369,17.57
146.0,4.20055,4.17032,0.03022976,1.94173,2.037247,17.57
148.0,4.83332,4.80309,0.03022976,2.28308,2.716302,17.57
150.0,5.44646,5.41623,0.03022976,2.62486,3.371507,17.57
152.0,6.01591,5.98568,0.03022976,2.95368,3.979159,17.57
154.0,6.52282,6.49259,0.03022976,3.25797,4.520708,17.57
156.0,6.95406,6.92383,0.03022976,3.52856,4.983267,17.57
158.0,7.302249,7.27202,0.03022976,3.75902,5.359656,17.57
160.0,7.56566,7.53543,0.03022976,3.94591,5.648317,17.57
162.0,7.74768,7.71745,0.03022976,4.08872,5.852788,17.57
164.0,7.85609,7.82586,0.03022976,4.18964,5.980967,17.57
166.0,7.90216,7.87193,0.03022976,4.25322,6.044236,17.57
168.0,7.8996,7.86937,0.03022976,4.28579,6.056393,17.57
170.0,7.863339,7.83311,0.03022976,4.29482,6.03245,17.57
172.0,7.80847,7.77824,0.03022976,4.28823,5.987563,17.57
174.0,7.74907,7.71884,0.03022976,4.27369,5.935866,17.57
176.0,7.697229,7.667,0.03022976,4.25795,5.889498,17.57
178.0,7.66224,7.63201,0.03022976,4.24627,5.857776,17.57
180.0,7.649909,7.61968,0.03022976,4.242,5.846536,17.57
0.0,3.02668e+28,3.02668e+28,0.02603039,1.0,0.0,17.8
2.0,19049000.0,19049000.0,0.02603039,1.00956,180383.5,17.8
4.0,1163120.0,1163120.0,0.02603039,0.985685,-16891.89,17.8
6.0,212682.0,212682.0,0.02603039,0.911519,-20645.02,17.8
8.0,60149.83,60149.8,0.02603039,0.813591,-13781.46,17.8
10.0,21811.93,21811.9,0.02603039,0.718971,-8525.772,17.8
12.0,9473.456,9473.43,0.02603039,0.646068,-5189.793,17.8
14.0,4787.966,4787.94,0.02603039,0.603337,-3147.841,17.8
16.0,2755.076,2755.05,0.02603039,0.590449,-1910.994,17.8
18.0,1755.386,1755.36,0.02603039,0.600523,-1167.709,17.8
20.0,1199.086,1199.06,0.02603039,0.622806,-726.2101,17.8
22.0,852.439,852.413,0.02603039,0.645473,-468.2034,17.8
24.0,616.626,616.6,0.02603039,0.658191,-320.2236,17.8
26.0,447.233,447.207,0.02603039,0.654173,-236.4286,17.8
28.0,322.746,322.72,0.02603039,0.631479,-188.3494,17.8
30.0,231.526,231.5,0.02603039,0.593427,-158.6248,17.8
32.0,166.244,166.218,0.02603039,0.548102,-137.0645,17.8
34.0,121.501,121.475,0.02603039,0.507059,-118.1181,17.8
36.0,92.83473,92.8087,0.02603039,0.483448,-99.19157,17.8
38.0,76.35053,76.3245,0.02603039,0.48985,-79.51459,17.8
40.0,68.61493,68.5889,0.02603039,0.536158,-59.36026,17.8
42.0,66.65753,66.6315,0.02603039,0.62781,-39.51716,17.8
44.0,67.99683,67.9708,0.02603039,0.764638,-20.93,17.8
46.0,70.65903,70.633,0.02603039,0.940484,-4.471471,17.8
48.0,73.17343,73.1474,0.02603039,1.14363,9.189949,17.8
50.0,74.54413,74.5181,0.02603039,1.35796,19.64993,17.8
52.0,74.19943,74.1734,0.02603039,1.56476,26.78038,17.8
54.0,71.92583,71.8998,0.02603039,1.7448,30.70286,17.8
56.0,67.79253,67.7665,0.02603039,1.88055,31.74322,17.8
58.0,62.07403,62.048,0.02603039,1.95814,30.37352,17.8
60.0,55.17543,55.1494,0.02603039,1.96903,27.1538,17.8
62.0,47.56613,47.5401,0.02603039,1.91095,22.67478,17.8
64.0,39.72363,39.6976,0.02603039,1.78828,17.51031,17.8
66.0,32.08973,32.0637,0.02603039,1.61168,12.179,17.8
68.0,25.03933,25.0133,0.02603039,1.39717,7.117867,17.8
70.0,18.86203,18.836,0.02603039,1.16462,2.666164,17.8
72.0,13.75293,13.7269,0.02603039,0.936007,-0.9402614,17.8
74.0,9.81402,9.78799,0.02603039,0.733462,-3.566388,17.8
76.0,7.061171,7.03514,0.02603039,0.577394,-5.16821,17.8
78.0,5.43675,5.41072,0.02603039,0.484813,-5.777368,17.8
80.0,4.824841,4.79881,0.02603039,0.467988,-5.484912,17.8
82.0,5.06768,5.04165,0.02603039,0.533552,-4.430326,17.8
84.0,5.98205,5.95602,0.02603039,0.682074,-2.788333,17.8
86.0,7.37422,7.34819,0.02603039,0.908124,-0.7460582,17.8
88.0,9.053,9.02697,0.02603039,1.20077,1.513671,17.8
90.0,10.84033,10.8143,0.02603039,1.54444,3.821391,17.8
92.0,12.57943,12.5534,0.02603039,1.92012,6.028053,17.8
94.0,14.13973,14.1137,0.02603039,2.30666,8.009771,17.8
96.0,15.42063,15.3946,0.02603039,2.68221,9.671404,17.8
98.0,16.35153,16.3255,0.02603039,3.02565,10.94723,17.8
100.0,16.89203,16.866,0.02603039,3.31787,11.8008,17.8
102.0,17.02893,17.0029,0.02603039,3.54294,12.22249,17.8
104.0,16.77323,16.7472,0.02603039,3.68895,12.22635,17.8
106.0,16.15653,16.1305,0.02603039,3.74865,11.84657,17.8
108.0,15.22643,15.2004,0.02603039,3.71978,11.13306,17.8
110.0,14.04213,14.0161,0.02603039,3.6051,10.14706,17.8
112.0,12.67013,12.6441,0.02603039,3.41207,8.956804,17.8
114.0,11.18033,11.1543,0.02603039,3.1524,7.633721,17.8
116.0,9.64212,9.61609,0.02603039,2.84127,6.248525,17.8
118.0,8.121131,8.0951,0.02603039,2.49641,4.868007,17.8
120.0,6.676751,6.65072,0.02603039,2.13709,3.552525,17.8
122.0,5.359931,5.3339,0.02603039,1.78301,2.353817,17.8
124.0,4.21165,4.18562,0.02603039,1.45322,1.3135,17.8
126.0,3.26206,3.23603,0.02603039,1.16511,0.4622729,17.8
128.0,2.5301,2.50407,0.02603039,0.933511,-0.1802056,17.8
130.0,2.02369,1.99766,0.02603039,0.769938,-0.6046905,17.8
132.0,1.74034,1.71431,0.02603039,0.682092,-0.8111343,17.8
134.0,1.66825,1.64222,0.02603039,0.673548,-0.8085595,17.8
136.0,1.78763,1.7616,0.02603039,0.743706,-0.6160485,17.8
138.0,2.07229,2.04626,0.02603039,0.887974,-0.2614383,17.8
140.0,2.4915,2.46547,0.02603039,1.09818,0.2227464,17.8
142.0,3.01172,2.98569,0.02603039,1.36319,0.8024023,17.8
144.0,3.59845,3.57242,0.02603039,1.66963,1.443212,17.8
146.0,4.21799,4.19196,0.02603039,2.00279,2.111933,17.8
148.0,4.838921,4.81289,0.02603039,2.34749,2.777604,17.8
150.0,5.433431,5.4074,0.02603039,2.68903,3.412839,17.8
152.0,5.978371,5.95234,0.02603039,3.01395,3.994804,17.8
154.0,6.45599,6.42996,0.02603039,3.31082,4.506023,17.8
156.0,6.85428,6.82825,0.02603039,3.57074,4.934712,17.8
158.0,7.16711,7.14108,0.02603039,3.78775,5.274929,17.8
160.0,7.39392,7.36789,0.02603039,3.95895,5.526274,17.8
162.0,7.53927,7.51324,0.02603039,4.0845,5.693446,17.8
164.0,7.612031,7.586,0.02603039,4.16731,5.785425,17.8
166.0,7.624461,7.59843,0.02603039,4.21268,5.814577,17.8
168.0,7.591101,7.56507,0.02603039,4.22768,5.79553,17.8
170.0,7.52762,7.50159,0.02603039,4.22048,5.744027,17.8
172.0,7.44972,7.42369,0.02603039,4.19966,5.675834,17.8
174.0,7.371931,7.3459,0.02603039,4.17344,5.605539,17.8
176.0,7.306721,7.28069,0.02603039,4.14902,5.54565,17.8
178.0,7.26361,7.23758,0.02603039,4.132,5.505718,17.8
180.0,7.24856,7.22253,0.02603039,4.12592,5.491725,17.8
0.0,2.8039e+28,2.8039e+28,0.01638934,1.0,0.0,18.5
2.0,17634300.0,17634300.0,0.01638934,1.00884,154520.2,18.5
4.0,1071050.0,1071050.0,0.01638934,0.979773,-22111.34,18.5
6.0,194679.0,194679.0,0.01638934,0.900654,-21473.92,18.5
8.0,54856.32,54856.3,0.01638934,0.800944,-13633.27,18.5
10.0,19914.12,19914.1,0.01638934,0.708567,-8190.658,18.5
12.0,8713.417,8713.4,0.01638934,0.64145,-4870.521,18.5
14.0,4459.947,4459.93,0.01638934,0.606656,-2891.743,18.5
16.0,2601.906,2601.89,0.01638934,0.60193,-1720.7,18.5
18.0,1674.266,1674.25,0.01638934,0.618281,-1033.671,18.5
20.0,1146.936,1146.92,0.01638934,0.643058,-636.6296,18.5
22.0,811.2734,811.257,0.01638934,0.663116,-412.1527,18.5
24.0,579.4604,579.444,0.01638934,0.667672,-288.4214,18.5
26.0,411.9954,411.979,0.01638934,0.650524,-221.3331,18.5
28.0,289.4514,289.435,0.01638934,0.611347,-184.0136,18.5
30.0,200.9254,200.909,0.01638934,0.555929,-160.4973,18.5
32.0,139.1764,139.16,0.01638934,0.495338,-141.7962,18.5
34.0,98.59529,98.5789,0.01638934,0.444182,-123.3752,18.5
36.0,74.39889,74.3825,0.01638934,0.41825,-103.4825,18.5
38.0,62.35959,62.3432,0.01638934,0.431909,-82.02173,18.5
40.0,58.75729,58.7409,0.01638934,0.495659,-59.78649,18.5
42.0,60.40639,60.39,0.01638934,0.61421,-37.94172,18.5
44.0,64.69169,64.6753,0.01638934,0.785373,-17.67897,18.5
46.0,69.58459,69.5682,0.01638934,0.999904,-0.006685874,18.5
48.0,73.62809,73.6117,0.01638934,1.24233,14.36196,18.5
50.0,75.89419,75.8778,0.01638934,1.4926,25.04722,18.5
52.0,75.91619,75.8998,0.01638934,1.7284,31.99338,18.5
54.0,73.60599,73.5896,0.01638934,1.9277,35.42266,18.5
56.0,69.16349,69.1471,0.01638934,2.07132,35.77247,18.5
58.0,62.98669,62.9703,0.01638934,2.14514,33.62418,18.5
60.0,55.58759,55.5712,0.01638934,2.14173,29.63306,18.5
62.0,47.51979,47.5034,0.01638934,2.06119,24.46525,18.5
64.0,39.31959,39.3032,0.01638934,1.91119,18.74623,18.5
66.0,31.46259,31.4462,0.01638934,1.70624,13.02287,18.5
68.0,24.33469,24.3183,0.01638934,1.46627,7.738367,18.5
70.0,18.21669,18.2003,0.01638934,1.21473,3.220197,18.5
72.0,13.28139,13.265,0.01638934,0.976374,-0.321379,18.5
74.0,9.598639,9.58225,0.01638934,0.775095,-2.785184,18.5
76.0,7.14823,7.13184,0.01638934,0.631837,-4.165178,18.5
78.0,5.836219,5.81983,0.01638934,0.562902,-4.531872,18.5
80.0,5.513869,5.49748,0.01638934,0.578721,-4.013813,18.5
82.0,5.996639,5.98025,0.01638934,0.683167,-2.781067,18.5
84.0,7.081989,7.0656,0.01638934,0.873429,-1.02627,18.5
86.0,8.564929,8.54854,0.01638934,1.14041,1.054534,18.5
88.0,10.25089,10.2345,0.01638934,1.46956,3.275407,18.5
90.0,11.96559,11.9492,0.01638934,1.8421,5.469965,18.5
92.0,13.56129,13.5449,0.01638934,2.23638,7.497343,18.5
94.0,14.92119,14.9048,0.01638934,2.62949,9.246633,18.5
96.0,15.96079,15.9444,0.01638934,2.99872,10.63826,18.5
98.0,16.62689,16.6105,0.01638934,3.32306,11.6234,18.5
100.0,16.89609,16.8797,0.01638934,3.58439,12.18229,18.5
102.0,16.77069,16.7543,0.01638934,3.76853,12.32049,18.5
104.0,16.27529,16.2589,0.01638934,3.86595,12.06538,18.5
106.0,15.45219,15.4358,0.01638934,3.87221,11.46165,18.5
108.0,14.35649,14.3401,0.01638934,3.78806,10.56656,18.5
110.0,13.05189,13.0355,0.01638934,3.61926,9.445657,18.5
112.0,11.60659,11.5902,0.01638934,3.37617,8.168792,18.5
114.0,10.08949,10.0731,0.01638934,3.073,6.806219,18.5
116.0,8.566519,8.55013,0.01638934,2.72703,5.425182,18.5
118.0,7.098459,7.08207,0.01638934,2.35753,4.087486,18.5
120.0,5.738309,5.72192,0.01638934,1.98472,2.847066,18.5
122.0,4.52984,4.51345,0.01638934,1.62863,1.748459,18.5
124.0,3.506489,3.4901,0.01638934,1.30801,0.8257075,18.5
126.0,2.690819,2.67443,0.01638934,1.03942,0.1020493,18.5
128.0,2.094519,2.07813,0.01638934,0.836276,-0.4100598,18.5
130.0,1.718859,1.70247,0.01638934,0.7083,-0.7078798,18.5
132.0,1.555479,1.53909,0.01638934,0.661028,-0.7976424,18.5
134.0,1.587649,1.57126,0.01638934,0.695643,-0.6946267,18.5
136.0,1.791679,1.77529,0.01638934,0.809036,-0.4229061,18.5
138.0,2.138619,2.12223,0.01638934,0.994112,-0.01266686,18.5
140.0,2.596019,2.57963,0.01638934,1.24032,0.5029954,18.5
142.0,3.129679,3.11329,0.01638934,1.53439,1.08999,18.5
144.0,3.705469,3.68908,0.01638934,1.86114,1.714502,18.5
146.0,4.290899,4.27451,0.01638934,2.20448,2.344454,18.5
148.0,4.856529,4.84014,0.01638934,2.54835,2.950775,18.5
150.0,5.377179,5.36079,0.01638934,2.87766,3.508585,18.5
152.0,5.832779,5.81639,0.01638934,3.17911,3.998059,18.5
154.0,6.20896,6.19257,0.01638934,3.44193,4.405042,18.5
156.0,6.497289,6.4809,0.01638934,3.65837,4.721282,18.5
158.0,6.695179,6.67879,0.01638934,3.82402,4.944357,18.5
160.0,6.805589,6.7892,0.01638934,3.93785,5.077339,18.5
162.0,6.836309,6.81992,0.01638934,4.00216,5.128155,18.5
164.0,6.79918,6.78279,0.01638934,4.02212,5.108733,18.5
166.0,6.709079,6.69269,0.01638934,4.00534,5.034046,18.5
168.0,6.582789,6.5664,0.01638934,3.96114,4.920947,18.5
170.0,6.43787,6.42148,0.01638934,3.89984,4.787066,18.5
172.0,6.29147,6.27508,0.01638934,3.83193,4.649616,18.5
174.0,6.159319,6.14293,0.01638934,3.76728,4.524368,18.5
176.0,6.054699,6.03831,0.01638934,3.71443,4.424652,18.5
178.0,5.98772,5.97133,0.01638934,3.67995,4.3606,18.5
180.0,5.964679,5.94829,0.01638934,3.66798,4.338531,18.5
0.0,2.783e+28,2.783e+28,0.01569291,1.0,0.0,18.57
2.0,17501400.0,17501400.0,0.01569291,1.00876,151980.8,18.57
4.0,1062410.0,1062410.0,0.01569291,0.979169,-22601.93,18.57
6.0,192994.0,192994.0,0.01569291,0.899567,-21547.0,18.57
8.0,54363.12,54363.1,0.01569291,0.799705,-13615.85,18.57
10.0,19738.32,19738.3,0.01569291,0.707589,-8156.856,18.57
12.0,8643.596,8643.58,0.01569291,0.64109,-4839.06,18.57
14.0,4430.125,4430.11,0.01569291,0.607127,-2866.742,18.57
16.0,2588.126,2588.11,0.01569291,0.603241,-1702.242,18.57
18.0,1666.996,1666.98,0.01569291,0.620222,-1020.745,18.57
20.0,1142.226,1142.21,0.01569291,0.645227,-628.0438,18.57
22.0,807.4837,807.468,0.01569291,0.664978,-406.8176,18.57
24.0,575.9847,575.969,0.01569291,0.668653,-285.4257,18.57
26.0,408.6707,408.655,0.01569291,0.650122,-219.9355,18.57
28.0,286.3027,286.287,0.01569291,0.609241,-183.6307,18.57
30.0,198.0397,198.024,0.01569291,0.552063,-160.6869,18.57
32.0,136.6417,136.626,0.01569291,0.489973,-142.2343,18.57
34.0,96.47469,96.459,0.01569291,0.437895,-123.84,18.57
36.0,72.71989,72.7042,0.01569291,0.411884,-103.8344,18.57
38.0,61.11569,61.1,0.01569291,0.426477,-82.18792,18.57
40.0,57.91309,57.8974,0.01569291,0.492212,-59.74574,18.57
42.0,59.90549,59.8898,0.01569291,0.613699,-37.70831,18.57
44.0,64.46529,64.4496,0.01569291,0.788512,-17.29033,18.57
46.0,69.55949,69.5438,0.01569291,1.00706,0.4876523,18.57
48.0,73.73399,73.7183,0.01569291,1.25347,14.91009,18.57
50.0,76.0687,76.053,0.01569291,1.50729,25.6015,18.57
52.0,76.1086,76.0929,0.01569291,1.74581,32.5136,18.57
54.0,73.77899,73.7633,0.01569291,1.94676,35.88065,18.57
56.0,69.2933,69.2776,0.01569291,2.09082,36.15161,18.57
58.0,63.06219,63.0465,0.01569291,2.16387,33.91895,18.57
60.0,55.60809,55.5924,0.01569291,2.15865,29.8475,18.57
62.0,47.49279,47.4771,0.01569291,2.07552,24.61043,18.57
64.0,39.25789,39.2422,0.01569291,1.92255,18.83819,18.57
66.0,31.38159,31.3659,0.01569291,1.71466,13.07966,18.57
68.0,24.25019,24.2345,0.01569291,1.4722,7.778115,18.57
70.0,18.14299,18.1273,0.01569291,1.21894,3.258755,18.57
72.0,13.22979,13.2141,0.01569291,0.979938,-0.2708504,18.57
74.0,9.576853,9.56116,0.01569291,0.7792,-2.713769,18.57
76.0,7.159823,7.14413,0.01569291,0.63768,-4.068102,18.57
78.0,5.880943,5.86525,0.01569291,0.571557,-4.408395,18.57
80.0,5.588133,5.57244,0.01569291,0.591018,-3.866964,18.57
82.0,6.094223,6.07853,0.01569291,0.69961,-2.616663,18.57
84.0,7.194913,7.17922,0.01569291,0.894143,-0.8518012,18.57
86.0,8.684373,8.66868,0.01569291,1.16512,1.230744,18.57
88.0,10.36799,10.3523,0.01569291,1.49764,3.445105,18.57
90.0,12.07209,12.0564,0.01569291,1.87259,5.625357,18.57
92.0,13.65029,13.6346,0.01569291,2.26811,7.631938,18.57
94.0,14.98739,14.9717,0.01569291,2.66114,9.355448,18.57
96.0,16.00069,15.985,0.01569291,3.02896,10.71812,18.57
98.0,16.63909,16.6234,0.01569291,3.35061,11.6731,18.57
100.0,16.88059,16.8649,0.01569291,3.60815,12.20213,18.57
102.0,16.72939,16.7137,0.01569291,3.78764,12.31256,18.57
104.0,16.21129,16.1956,0.01569291,3.87983,12.03294,18.57
106.0,15.36949,15.3538,0.01569291,3.88058,11.40888,18.57
108.0,14.25979,14.2441,0.01569291,3.79098,10.49829,18.57
110.0,12.94619,12.9305,0.01569291,3.61709,9.36702,18.57
112.0,11.49679,11.4811,0.01569291,3.36952,8.084795,18.57
114.0,9.980213,9.96452,0.01569291,3.06272,6.721602,18.57
116.0,8.461943,8.44625,0.01569291,2.71414,5.344217,18.57
118.0,7.002033,6.98634,0.01569291,2.34314,4.013721,18.57
120.0,5.652743,5.63705,0.01569291,1.96997,2.783287,18.57
122.0,4.457043,4.44135,0.01569291,1.61465,1.696666,18.57
124.0,3.447543,3.43185,0.01569291,1.29585,0.7870939,18.57
126.0,2.646053,2.63036,0.01569291,1.02997,0.07699478,18.57
128.0,2.063543,2.04785,0.01569291,0.830282,-0.421809,18.57
130.0,1.700653,1.68496,0.01569291,0.706282,-0.7072421,18.57
132.0,1.548503,1.53281,0.01569291,0.663277,-0.7861219,18.57
134.0,1.589953,1.57426,0.01569291,0.702207,-0.6742696,18.57
136.0,1.801013,1.78532,0.01569291,0.819719,-0.3960971,18.57
138.0,2.152553,2.13686,0.01569291,1.00848,0.0181001,18.57
140.0,2.612043,2.59635,0.01569291,1.25774,0.5352681,18.57
142.0,3.145313,3.12962,0.01569291,1.55402,1.121328,18.57
144.0,3.718343,3.70265,0.01569291,1.88202,1.742624,18.57
146.0,4.298813,4.28312,0.01569291,2.22552,2.367213,18.57
148.0,4.857553,4.84186,0.01569291,2.56841,2.966284,18.57
150.0,5.369683,5.35399,0.01569291,2.8956,3.515254,18.57
152.0,5.815443,5.79975,0.01569291,3.19383,3.994606,18.57
154.0,6.180823,6.16513,0.01569291,3.45242,4.390536,18.57
156.0,6.457723,6.44203,0.01569291,3.66375,4.695124,18.57
158.0,6.643933,6.62824,0.01569291,3.82358,4.906312,18.57
160.0,6.742683,6.72699,0.01569291,3.93109,5.027463,18.57
162.0,6.762093,6.7464,0.01569291,3.98876,5.066806,18.57
164.0,6.714253,6.69856,0.01569291,4.00201,5.036532,18.57
166.0,6.614263,6.59857,0.01569291,3.97867,4.951832,18.57
168.0,6.479093,6.4634,0.01569291,3.92829,4.829751,18.57
170.0,6.326443,6.31075,0.01569291,3.86139,4.688058,18.57
172.0,6.173593,6.1579,0.01569291,3.78862,4.544083,18.57
174.0,6.036333,6.02064,0.01569291,3.72003,4.413676,18.57
176.0,5.928043,5.91235,0.01569291,3.66427,4.310246,18.57
178.0,5.858833,5.84314,0.01569291,3.628,4.24394,18.57
180.0,5.835052,5.81936,0.01569291,3.61544,4.221127,18.57
0.0,2.50832e+28,2.50832e+28,0.008257766,1.0,0.0,19.57
2.0,15752800.0,15752800.0,0.008257766,1.0074,115715.0,19.57
4.0,948846.0,948846.0,0.008257766,0.97027,-29073.55,19.57
6.0,170943.0,170943.0,0.008257766,0.884038,-22423.13,19.57
8.0,47946.51,47946.5,0.008257766,0.782552,-13322.91,19.57
10.0,17471.11,17471.1,0.008257766,0.694898,-7670.866,19.57
12.0,7753.588,7753.58,0.008257766,0.638054,-4398.342,19.57
14.0,4055.768,4055.76,0.008257766,0.61669,-2520.905,19.57
16.0,2417.918,2417.91,0.008257766,0.625285,-1448.988,19.57
18.0,1577.868,1577.86,0.008257766,0.651349,-844.5938,19.57
20.0,1083.648,1083.64,0.008257766,0.679174,-511.8902,19.57
22.0,759.1302,759.122,0.008257766,0.693623,-335.3119,19.57
24.0,530.6472,530.639,0.008257766,0.683489,-245.7328,19.57
26.0,364.8323,364.824,0.008257766,0.643949,-201.7224,19.57
28.0,244.7223,244.714,0.008257766,0.577799,-178.8199,19.57
30.0,160.1353,160.127,0.008257766,0.495298,-163.1757,19.57
32.0,103.7233,103.715,0.008257766,0.412678,-147.6186,19.57
34.0,69.41376,69.4055,0.008257766,0.349584,-129.1473,19.57
36.0,51.85096,51.8427,0.008257766,0.325862,-107.2684,19.57
38.0,46.26406,46.2558,0.008257766,0.358221,-82.88543,19.57
40.0,48.49026,48.482,0.008257766,0.457302,-57.54527,19.57
42.0,55.03446,55.0262,0.008257766,0.625609,-32.93496,19.57
44.0,63.11286,63.1046,0.008257766,0.856602,-10.5653,19.57
46.0,70.65706,70.6488,0.008257766,1.1351,8.409627,19.57
48.0,76.27856,76.2703,0.008257766,1.43888,23.2661,19.57
50.0,79.19756,79.1893,0.008257766,1.74131,33.71596,19.57
52.0,79.14516,79.1369,0.008257766,2.01448,39.85703,19.57
54.0,76.25295,76.2447,0.008257766,2.23261,42.09878,19.57
56.0,70.93685,70.9286,0.008257766,2.37506,41.06946,19.57
58.0,63.78846,63.7802,0.008257766,2.42877,37.52477,19.57
60.0,55.47726,55.469,0.008257766,2.38972,32.2623,19.57
62.0,46.67126,46.663,0.008257766,2.26332,26.05055,19.57
64.0,37.97616,37.9679,0.008257766,2.06382,19.57525,19.57
66.0,29.89436,29.8861,0.008257766,1.81268,13.40256,19.57
68.0,22.80246,22.7942,0.008257766,1.53634,7.960393,19.57
70.0,16.94406,16.9358,0.008257766,1.26353,3.533962,19.57
72.0,12.43546,12.4272,0.008257766,1.0225,0.273641,19.57
74.0,9.280568,9.27231,0.008257766,0.83841,-1.78868,19.57
76.0,7.391568,7.38331,0.008257766,0.731198,-2.717278,19.57
78.0,6.612418,6.60416,0.008257766,0.714038,-2.648178,19.57
80.0,6.742818,6.73456,0.008257766,0.792493,-1.765545,19.57
82.0,7.560348,7.55209,0.008257766,0.964395,-0.2791241,19.57
84.0,8.839727,8.83147,0.008257766,1.22037,1.596246,19.57
86.0,10.36816,10.3599,0.008257766,1.54492,3.657029,19.57
88.0,11.95676,11.9485,0.008257766,1.91785,5.722299,19.57
90.0,13.44776,13.4395,0.008257766,2.316,7.6413,19.57
92.0,14.71846,14.7102,0.008257766,2.71501,9.297315,19.57
94.0,15.68196,15.6737,0.008257766,3.091,10.60853,19.57
96.0,16.28566,16.2774,0.008257766,3.42211,11.5267,19.57
98.0,16.50756,16.4993,0.008257766,3.68979,12.03371,19.57
100.0,16.35276,16.3445,0.008257766,3.87975,12.13786,19.57
102.0,15.84756,15.8393,0.008257766,3.98255,11.86831,19.57
104.0,15.03486,15.0266,0.008257766,3.99397,11.27047,19.57
106.0,13.96916,13.9609,0.008257766,3.91494,10.40099,19.57
108.0,12.71216,12.7039,0.008257766,3.75131,9.323433,19.57
110.0,11.32816,11.3199,0.008257766,3.51332,8.103812,19.57
112.0,9.881418,9.87316,0.008257766,3.21491,6.807796,19.57
114.0,8.432598,8.42434,0.008257766,2.87288,5.497356,19.57
116.0,7.036928,7.02867,0.008257766,2.50594,4.228829,19.57
118.0,5.742298,5.73404,0.008257766,2.13373,3.051096,19.57
120.0,4.588048,4.57979,0.008257766,1.77576,2.004339,19.57
122.0,3.604218,3.59596,0.008257766,1.45047,1.119356,19.57
124.0,2.811188,2.80293,0.008257766,1.17427,0.4172003,19.57
126.0,2.219658,2.2114,0.008257766,0.960744,-0.09069508,19.57
128.0,1.831078,1.82282,0.008257766,0.819975,-0.4020118,19.57
130.0,1.638278,1.63002,0.008257766,0.758074,-0.5228276,19.57
132.0,1.626478,1.61822,0.008257766,0.776915,-0.4670301,19.57
134.0,1.774448,1.76619,0.008257766,0.874093,-0.2555969,19.57
136.0,2.055938,2.04768,0.008257766,1.04314,0.0850253,19.57
138.0,2.441138,2.43288,0.008257766,1.27393,0.5249118,19.57
140.0,2.898328,2.89007,0.008257766,1.55334,1.032459,19.57
142.0,3.395388,3.38713,0.008257766,1.86607,1.575848,19.57
144.0,3.901338,3.89308,0.008257766,2.19551,2.124376,19.57
146.0,4.387738,4.37948,0.008257766,2.52478,2.649868,19.57
148.0,4.829798,4.82154,0.008257766,2.83771,3.127792,19.57
150.0,5.207388,5.19913,0.008257766,3.11977,3.53823,19.57
152.0,5.505658,5.4974,0.008257766,3.35884,3.866503,19.57
154.0,5.715388,5.70713,0.008257766,3.54593,4.103571,19.57
156.0,5.833128,5.82487,0.008257766,3.67553,4.246111,19.57
158.0,5.860898,5.85264,0.008257766,3.74588,4.296273,19.57
160.0,5.805758,5.7975,0.008257766,3.75892,4.26123,19.57
162.0,5.679098,5.67084,0.008257766,3.72,4.152459,19.57
164.0,5.495718,5.48746,0.008257766,3.63746,3.984851,19.57
166.0,5.272908,5.26465,0.008257766,3.52199,3.775769,19.57
168.0,5.029248,5.02099,0.008257766,3.38581,3.543858,19.57
170.0,4.783638,4.77538,0.008257766,3.24191,3.308076,19.57
172.0,4.554108,4.54585,0.008257766,3.10309,3.086504,19.57
174.0,4.356938,4.34868,0.008257766,2.9812,2.895467,19.57
176.0,4.205748,4.19749,0.008257766,2.88633,2.748622,19.57
178.0,4.110778,4.10252,0.008257766,2.82619,2.656248,19.57
180.0,4.078398,4.07014,0.008257766,2.8056,2.624734,19.57
0.0,2.28799e+28,2.28799e+28,0.004586755,1.0,0.0,20.5
2.0,14346700.0,14346700.0,0.004586755,1.00584,83297.35,20.5
4.0,857772.0,857772.0,0.004586755,0.961608,-34246.43,20.5
6.0,153394.0,153394.0,0.004586755,0.869675,-22986.84,20.5
8.0,42899.7,42899.7,0.004586755,0.767608,-12987.81,20.5
10.0,15717.8,15717.8,0.004586755,0.685367,-7215.609,20.5
12.0,7081.844,7081.84,0.004586755,0.638897,-4002.64,20.5
14.0,3782.365,3782.36,0.004586755,0.630503,-2216.599,20.5
16.0,2298.065,2298.06,0.004586755,0.65152,-1229.171,20.5
18.0,1516.165,1516.16,0.004586755,0.686152,-693.4984,20.5
20.0,1041.895,1041.89,0.004586755,0.715893,-413.4831,20.5
22.0,722.7206,722.716,0.004586755,0.72395,-275.5812,20.5
24.0,495.0566,495.052,0.004586755,0.699056,-213.1221,20.5
26.0,329.7676,329.763,0.004586755,0.638116,-187.0155,20.5
28.0,211.4446,211.44,0.004586755,0.547311,-174.8889,20.5
30.0,130.1926,130.188,0.004586755,0.441472,-164.7131,20.5
32.0,78.37778,78.3732,0.004586755,0.341874,-150.8815,20.5
34.0,49.40979,49.4052,0.004586755,0.272809,-131.7052,20.5
36.0,37.37769,37.3731,0.004586755,0.257534,-107.7592,20.5
38.0,37.01799,37.0134,0.004586755,0.314247,-80.78102,20.5
40.0,43.79099,43.7864,0.004586755,0.452784,-52.92397,20.5
42.0,53.96099,53.9564,0.004586755,0.67252,-26.27602,20.5
44.0,64.63748,64.6329,0.004586755,0.961836,-2.564708,20.5
46.0,73.76408,73.7595,0.004586755,1.2992,16.98754,20.5
48.0,80.05718,80.0526,0.004586755,1.65567,31.70384,20.5
50.0,82.90578,82.9012,0.004586755,1.99848,41.42136,20.5
52.0,82.24468,82.2401,0.004586755,2.29508,46.40947,20.5
54.0,78.41669,78.4121,0.004586755,2.51719,47.26421,20.5
56.0,72.03458,72.03,0.004586755,2.64421,44.7922,20.5
58.0,63.85609,63.8515,0.004586755,2.66564,39.90083,20.5
60.0,54.67678,54.6722,0.004586755,2.58221,33.50237,20.5
62.0,45.24569,45.2411,0.004586755,2.40567,26.43775,20.5
64.0,36.20609,36.2015,0.004586755,2.1573,19.42303,20.5
66.0,28.05939,28.0548,0.004586755,1.86547,13.01793,20.5
68.0,21.14999,21.1454,0.004586755,1.56246,7.613649,20.5
70.0,15.66759,15.663,0.004586755,1.28111,3.437891,20.5
72.0,11.66189,11.6573,0.004586755,1.05152,0.5713827,20.5
74.0,9.066547,9.06196,0.004586755,0.898296,-1.026503,20.5
76.0,7.727547,7.72296,0.004586755,0.838488,-1.488503,20.5
78.0,7.432327,7.42774,0.004586755,0.880418,-1.009489,20.5
80.0,7.937677,7.93309,0.004586755,1.02343,0.1817221,20.5
82.0,8.993847,8.98926,0.004586755,1.25846,1.847139,20.5
84.0,10.36399,10.3594,0.004586755,1.56936,3.760029,20.5
86.0,11.83809,11.8335,0.004586755,1.9346,5.718947,20.5
88.0,13.24229,13.2377,0.004586755,2.3294,7.557439,20.5
90.0,14.44319,14.4386,0.004586755,2.72779,9.148356,20.5
92.0,15.34819,15.3436,0.004586755,3.10462,10.40453,20.5
94.0,15.90309,15.8985,0.004586755,3.43724,11.27638,20.5
96.0,16.08759,16.083,0.004586755,3.70686,11.74764,20.5
98.0,15.90979,15.9052,0.004586755,3.89945,11.82978,20.5
100.0,15.39939,15.3948,0.004586755,4.00623,11.55553,20.5
102.0,14.60199,14.5974,0.004586755,4.02376,10.97305,20.5
104.0,13.57319,13.5686,0.004586755,3.95375,10.1402,20.5
106.0,12.37359,12.369,0.004586755,3.80254,9.119555,20.5
108.0,11.06479,11.0602,0.004586755,3.58045,7.974453,20.5
110.0,9.706078,9.70149,0.004586755,3.30097,6.765706,20.5
112.0,8.352327,8.34774,0.004586755,2.97996,5.549495,20.5
114.0,7.051967,7.04738,0.004586755,2.63474,4.375434,20.5
116.0,5.846107,5.84152,0.004586755,2.28325,3.285675,20.5
118.0,4.767887,4.7633,0.004586755,1.94319,2.314248,20.5
120.0,3.842217,3.83763,0.004586755,1.63129,1.486893,20.5
122.0,3.085787,3.0812,0.004586755,1.36252,0.8210224,20.5
124.0,2.507347,2.50276,0.004586755,1.14948,0.3260589,20.5
126.0,2.108037,2.10345,0.004586755,1.00185,0.003892725,20.5
128.0,1.882057,1.87747,0.004586755,0.92589,-0.1506434,20.5
130.0,1.817317,1.81273,0.004586755,0.92423,-0.1489868,20.5
132.0,1.896307,1.89172,0.004586755,0.995686,-0.008216055,20.5
134.0,2.097137,2.09255,0.004586755,1.13534,0.2499924,20.5
136.0,2.394637,2.39005,0.004586755,1.3348,0.6006325,20.5
138.0,2.761527,2.75694,0.004586755,1.58263,1.016629,20.5
140.0,3.169717,3.16513,0.004586755,1.86501,1.470146,20.5
142.0,3.591567,3.58698,0.004586755,2.16648,1.933778,20.5
144.0,4.001047,3.99646,0.004586755,2.47085,2.381747,20.5
146.0,4.374876,4.37029,0.004586755,2.76211,2.790987,20.5
148.0,4.693427,4.68884,0.004586755,3.02536,3.142065,20.5
150.0,4.941477,4.93689,0.004586755,3.24768,3.419936,20.5
152.0,5.108677,5.10409,0.004586755,3.41885,3.614409,20.5
154.0,5.189797,5.18521,0.004586755,3.53189,3.720386,20.5
156.0,5.184687,5.1801,0.004586755,3.58344,3.737841,20.5
158.0,5.098027,5.09344,0.004586755,3.5739,3.671566,20.5
160.0,4.938797,4.93421,0.004586755,3.50727,3.530637,20.5
162.0,4.719627,4.71504,0.004586755,3.39087,3.327764,20.5
164.0,4.455947,4.45136,0.004586755,3.23481,3.078448,20.5
166.0,4.165037,4.16045,0.004586755,3.05132,2.800042,20.5
168.0,3.865097,3.86051,0.004586755,2.85396,2.510804,20.5
170.0,3.574257,3.56967,0.004586755,2.65675,2.228907,20.5
172.0,3.309627,3.30504,0.004586755,2.47335,1.971512,20.5
174.0,3.086487,3.0819,0.004586755,2.31623,1.753939,20.5
176.0,2.917507,2.91292,0.004586755,2.19591,1.588897,20.5
178.0,2.812187,2.8076,0.004586755,2.12039,1.485927,20.5
180.0,2.776427,2.77184,0.004586755,2.09466,1.450948,20.5
